Customer_ID,Total_Sales,Total_Profit,Order_Count,Customer_Tier,Customer_Name
AA-10315,13747.413,447.69049999999964,19,Platinum,Alex Avila
AA-10375,5884.195000000001,677.4774,23,Silver,Allen Armold
AA-10480,17695.589780000002,1516.47518,20,Platinum,Andrew Allen
AA-10645,15343.890699999998,3051.439,36,Platinum,Anna Andreadi
AA-315,2243.256,535.566,7,Silver,Alex Avila
AA-375,654.492,77.44200000000001,8,Bronze,Allen Armold
AA-480,2063.493,554.6129999999999,5,Silver,Andrew Allen
AA-645,1968.3240000000003,-608.3459999999999,11,Silver,Anna Andreadi
AB-10015,20037.4975,3719.488,32,Platinum,Aaron Bergman
AB-10060,18416.5504,4514.0589,32,Platinum,Adam Bellavance
AB-10105,22966.78,6912.6145,33,Platinum,Adrian Barton
AB-10150,13057.294600000001,2064.2143,24,Gold,Aimee Bixby
AB-10165,11649.265000000001,2329.4700000000003,29,Gold,Alan Barnes
AB-10255,10786.7164,-43.238100000000344,31,Gold,Alejandro Ballentine
AB-105,2156.4,-495.3299999999999,7,Silver,Adrian Barton
AB-10600,13318.6631,905.3606999999998,22,Platinum,Ann Blume
AB-15,4607.13,963.7199999999999,5,Silver,Aaron Bergman
AB-150,3143.88,862.1399999999999,4,Silver,Aimee Bixby
AB-165,1399.7759999999998,106.59599999999999,6,Bronze,Alan Barnes
AB-255,4679.502,801.8520000000001,8,Silver,Alejandro Ballentine
AB-60,1770.228,465.918,9,Silver,Adam Bellavance
AB-600,5408.55,964.65,5,Silver,Ann Blume
AC-10420,10607.6947,206.48050000000006,24,Gold,Alyssa Crouse
AC-10450,16126.3904,4105.6042,19,Platinum,Amy Cox
AC-10615,12729.72448,1160.67578,29,Gold,Ann Chong
AC-10660,6255.61908,-998.99732,21,Gold,Anna Chung
AC-420,1689.675,237.555,9,Silver,Alyssa Crouse
AC-450,1026.597,-125.19299999999998,7,Bronze,Amy Cox
AC-615,2298.4320000000002,-280.5479999999999,7,Silver,Ann Chong
AC-660,2676.09,726.87,4,Silver,Anna Chung
AD-10180,17858.5048,2050.7542,27,Platinum,Alan Dominguez
AD-180,681.288,-510.762,3,Bronze,Alan Dominguez
AF-10870,26487.2585,1736.0717,36,Platinum,Art Ferguson
AF-10885,19711.167279999998,2882.91478,35,Platinum,Art Foster
AF-870,1700.082,542.232,9,Silver,Art Ferguson
AF-885,354.99,88.32,2,Bronze,Art Foster
AG-10270,10637.40422,2151.99612,25,Gold,Alejandro Grove
AG-10300,13013.8762,1845.7666000000002,24,Gold,Aleksandra Gannaway
AG-10330,14534.506179999998,929.46708,29,Platinum,Alex Grayson
AG-10390,8453.0096,995.7429999999999,19,Gold,Allen Goldenen
AG-10495,15380.31006,2749.06186,29,Platinum,Andrew Gjertsen
AG-10525,8468.963,36.033700000000096,20,Gold,Andy Gerbode
AG-10675,13023.836,680.7906999999998,21,Gold,Anna Gayman
AG-10765,9824.779499999999,1250.5845,27,Gold,Anthony Garverick
AG-10900,18174.17176,1879.7671599999999,29,Platinum,Arthur Gainer
AG-270,2779.806,450.576,8,Silver,Alejandro Grove
AG-300,1703.3100000000002,-1072.62,6,Silver,Aleksandra Gannaway
AG-330,532.545,77.50500000000001,7,Bronze,Alex Grayson
AG-390,473.1120000000001,-548.478,4,Bronze,Allen Goldenen
AG-495,1003.9920000000001,-106.84800000000001,11,Bronze,Andrew Gjertsen
AG-525,2870.6760000000004,133.356,7,Silver,Andy Gerbode
AG-675,2368.131,242.2710000000001,10,Silver,Anna Gayman
AG-765,1859.5320000000002,-1075.2779999999998,8,Silver,Anthony Garverick
AG-900,1699.47,-146.51999999999998,4,Silver,Arthur Gainer
AH-10030,14439.49784,2601.43304,27,Platinum,Aaron Hawkins
AH-10075,18109.86142,986.0434199999997,34,Platinum,Adam Hart
AH-10120,9927.83588,1705.13728,22,Gold,Adrian Hane
AH-10195,12628.191780000001,158.90888000000012,25,Gold,Alan Haines
AH-10210,20365.74018,4139.66078,34,Platinum,Alan Hwang
AH-10465,8547.83068,611.8889799999997,20,Gold,Amy Hunt
AH-10585,9125.8911,1458.3500999999999,22,Gold,Angele Hood
AH-10690,16276.161119999999,2795.8437199999994,31,Platinum,Anna Häberlin
AH-120,1478.0819999999999,376.242,4,Bronze,Adrian Hane
AH-195,2651.565,-751.1549999999999,9,Silver,Alan Haines
AH-210,3277.11,202.70999999999995,4,Silver,Alan Hwang
AH-30,6320.0160000000005,-150.5039999999998,7,Gold,Aaron Hawkins
AH-465,650.8259999999999,106.446,4,Bronze,Amy Hunt
AH-585,2232.222,151.722,9,Silver,Angele Hood
AH-690,1817.8980000000004,-329.83199999999977,5,Silver,Anna Häberlin
AH-75,3608.34,915.99,8,Silver,Adam Hart
AI-10855,8358.6023,1612.7634,22,Gold,Arianne Irving
AI-855,919.9739999999999,-74.58599999999996,4,Bronze,Arianne Irving
AJ-10780,15186.0672,1784.2461999999998,25,Platinum,Anthony Jacobs
AJ-10795,8887.077,1861.0923999999998,22,Gold,Anthony Johnson
AJ-10945,11087.024,1567.6391999999998,29,Gold,Ashley Jarboe
AJ-10960,8633.59348,1518.6719799999998,17,Gold,Astrea Jones
AJ-780,2570.994,-612.006,12,Silver,Anthony Jacobs
AJ-795,3395.58,617.4900000000001,10,Silver,Anthony Johnson
AJ-945,4860.924,1439.0639999999999,7,Silver,Ashley Jarboe
AJ-960,4629.156000000001,1012.6860000000003,10,Silver,Astrea Jones
AM-10360,16730.3296,2748.4754,33,Platinum,Alice McCarthy
AM-10705,24218.5645,2728.6450999999997,30,Platinum,Anne McFarland
AM-360,2035.8269999999998,229.377,6,Silver,Alice McCarthy
AM-705,1303.77,509.94,6,Bronze,Anne McFarland
AO-10810,14537.7966,1028.3926,27,Platinum,Anthony O'Donnell
AO-810,485.007,64.707,5,Bronze,Anthony O'Donnell
AP-10720,15362.0613,2937.4660999999996,20,Platinum,Anne Pryor
AP-10915,15877.8603,2420.1056,32,Platinum,Arthur Prichep
AP-720,999.699,55.299,6,Bronze,Anne Pryor
AP-915,2668.08,717.5100000000001,5,Silver,Arthur Prichep
AR-10345,14165.796199999999,1683.9278000000002,26,Platinum,Alex Russell
AR-10405,8956.82078,-583.4818199999999,22,Gold,Allen Rosenblatt
AR-10510,14277.88536,3518.96086,29,Platinum,Andrew Roberts
AR-10540,7983.9505,3050.9132999999997,15,Gold,Andy Reiter
AR-10570,9445.64932,1584.83232,18,Gold,Anemone Ratner
AR-10825,15311.035600000001,2828.1048,38,Platinum,Anthony Rawles
AR-345,2301.072,606.732,9,Silver,Alex Russell
AR-405,571.11,31.200000000000017,6,Bronze,Allen Rosenblatt
AR-510,2638.638,42.79800000000003,10,Silver,Andrew Roberts
AR-540,561.6,88.17000000000003,8,Bronze,Andy Reiter
AR-570,2044.278,409.818,9,Silver,Anemone Ratner
AR-825,2028.9119999999998,289.542,7,Silver,Anthony Rawles
AS-10045,12596.294399999999,660.9177999999998,28,Gold,Aaron Smayling
AS-10090,15009.47272,1344.9601199999997,32,Platinum,Adam Shillingsburg
AS-10135,7307.2442,750.2937999999999,19,Gold,Adrian Shami
AS-10225,21366.898699999998,2718.6598,28,Platinum,Alan Schoenberger
AS-10240,9006.66636,630.3841600000001,31,Gold,Alan Shonely
AS-10285,16179.86246,1794.86406,30,Platinum,Alejandro Savely
AS-10630,9815.9395,3194.3633999999997,19,Gold,Ann Steele
AS-135,3978.8099999999995,814.2,5,Silver,Adrian Shami
AS-225,469.51500000000004,-215.025,7,Bronze,Alan Schoenberger
AS-240,1686.5100000000002,545.0699999999999,5,Silver,Alan Shonely
AS-285,4938.462,738.702,13,Silver,Alejandro Savely
AS-45,1616.3339999999998,-291.756,3,Bronze,Aaron Smayling
AS-630,2000.01,-1103.31,11,Silver,Ann Steele
AS-90,435.204,76.314,4,Bronze,Adam Shillingsburg
AT-10435,13654.305499999999,3016.8983000000003,24,Platinum,Alyssa Tate
AT-10735,12984.1049,2516.7079000000003,29,Gold,Annie Thurman
AT-435,1287.9930000000002,-221.36700000000005,12,Bronze,Alyssa Tate
AT-735,403.65000000000003,143.07,5,Bronze,Annie Thurman
AW-10840,13200.25552,1444.8320199999998,25,Platinum,Anthony Witt
AW-10930,10230.958560000001,2585.8819599999997,22,Gold,Arthur Wiediger
AW-840,1947.0000000000002,-228.42000000000004,7,Silver,Anthony Witt
AW-930,782.055,95.085,6,Bronze,Arthur Wiediger
AY-10555,5446.61044,1850.51634,16,Silver,Andy Yotov
AY-555,3096.42,440.4600000000001,11,Silver,Andy Yotov
AZ-10750,9639.801,1606.5633,18,Gold,Annie Zypern
AZ-750,2231.277,-682.203,10,Silver,Annie Zypern
BB-10990,9064.5327,177.0665999999999,30,Gold,Barry Blumstein
BB-11545,15797.57188,1686.6588799999995,26,Platinum,Brenda Bowman
BB-1545,207.228,52.187999999999995,5,Bronze,Brenda Bowman
BB-990,822.288,122.358,7,Bronze,Barry Blumstein
BC-11125,14789.447,2755.6784000000002,28,Platinum,Becky Castell
BC-1125,396.04200000000003,-269.71799999999996,6,Bronze,Becky Castell
BD-11320,13390.267,1409.6197,32,Platinum,Bill Donatelli
BD-11500,13089.849500000002,2412.359,27,Gold,Bradley Drucker
BD-11560,9356.77974,1909.86374,19,Gold,Brendan Dodson
BD-11605,9202.66214,1201.17744,19,Gold,Brian Dahlen
BD-11620,7849.00002,448.50691999999975,25,Gold,Brian DeCherney
BD-11635,11230.6983,1303.6163,25,Gold,Brian Derr
BD-11725,10877.827000000001,1574.1361,30,Gold,Bruce Degenhardt
BD-11770,10168.32526,2397.81426,26,Gold,Bryan Davis
BD-1320,1885.05,213.06,6,Silver,Bill Donatelli
BD-1500,52.04700000000001,-31.293,3,Bronze,Bradley Drucker
BD-1560,1564.02,114.83999999999997,5,Bronze,Brendan Dodson
BD-1605,689.6399999999999,224.49,5,Bronze,Brian Dahlen
BD-1620,2919.597,535.917,11,Silver,Brian DeCherney
BD-1635,5689.263000000001,1488.693,9,Silver,Brian Derr
BD-1725,5078.400000000001,901.02,13,Silver,Bruce Degenhardt
BD-1770,3405.0660000000003,-869.5439999999998,5,Silver,Bryan Davis
BE-11335,27158.0184,7790.6963000000005,37,Platinum,Bill Eplett
BE-11410,16552.06996,3398.09706,30,Platinum,Bobby Elias
BE-11455,18178.5333,639.5220999999997,27,Platinum,Brad Eason
BE-1335,1321.149,-380.691,5,Bronze,Bill Eplett
BE-1410,1859.859,391.059,7,Silver,Bobby Elias
BE-1455,1340.3100000000002,460.10999999999996,2,Bronze,Brad Eason
BF-1005,732.033,176.433,2,Bronze,Barry Franz
BF-1020,3006.996,-193.13399999999987,7,Silver,Barry Französisch
BF-1080,3808.17,896.9399999999999,6,Silver,Bart Folk
BF-10975,8104.779200000001,1217.0095999999999,22,Gold,Barbara Fisher
BF-11005,23347.838659999998,939.2375599999998,25,Platinum,Barry Franz
BF-11020,10201.2813,1133.2553,24,Gold,Barry Französisch
BF-11080,10134.5617,1187.5689,21,Gold,Bart Folk
BF-11170,22314.84044,3859.22114,31,Platinum,Ben Ferrer
BF-11215,12968.9385,878.9098000000001,27,Gold,Benjamin Farhat
BF-11275,9578.59864,565.0688400000001,23,Gold,Beth Fritzler
BF-1170,904.9200000000001,275.88,6,Bronze,Ben Ferrer
BF-1215,398.91900000000004,-237.59099999999995,5,Bronze,Benjamin Farhat
BF-1275,1009.974,96.38400000000001,7,Bronze,Beth Fritzler
BF-975,1730.2320000000002,616.7220000000001,8,Silver,Barbara Fisher
BG-1035,124.416,-219.80399999999992,1,Bronze,Barry Gonzalez
BG-11035,19899.147399999998,1749.982,33,Platinum,Barry Gonzalez
BG-11695,10723.32038,568.9698799999998,19,Gold,Brooke Gillingham
BG-11740,14689.3425,2084.9244,24,Platinum,Bruce Geld
BG-1695,488.85,-151.65,5,Bronze,Brooke Gillingham
BG-1740,692.454,-658.2959999999999,4,Bronze,Bruce Geld
BH-11710,23537.335,3243.9437999999996,31,Platinum,Brosina Hoffman
BH-1710,4583.286,1632.9959999999999,10,Silver,Brosina Hoffman
BK-11260,13294.68736,2389.4549599999996,27,Platinum,Berenike Kampe
BK-1260,291.56399999999996,58.22400000000001,6,Bronze,Berenike Kampe
BM-11140,25312.292699999998,-1140.6354000000022,29,Platinum,Becky Martin
BM-1140,1857.69,43.70999999999988,6,Silver,Becky Martin
BM-11575,10351.33308,-189.53732,25,Gold,Brendan Murry
BM-11650,14920.99608,3927.16918,24,Platinum,Brian Moss
BM-11785,18446.8529,2036.6847999999998,36,Platinum,Bryan Mills
BM-1575,1703.9820000000002,471.672,9,Silver,Brendan Murry
BM-1650,2537.1059999999998,458.67600000000004,8,Silver,Brian Moss
BM-1785,2244.342,475.932,9,Silver,Bryan Mills
BN-11470,23378.103880000002,1548.04098,29,Platinum,Brad Norvell
BN-11515,10272.22552,2018.69692,23,Gold,Bradley Nguyen
BN-1470,2823.852,576.0120000000001,7,Silver,Brad Norvell
BN-1515,2606.802,525.3720000000001,8,Silver,Bradley Nguyen
BO-11350,7476.2547,555.1936999999998,20,Gold,Bill Overfelt
BO-11425,12356.58552,1904.89772,21,Gold,Bobby Odegard
BO-1350,616.236,-139.97400000000002,6,Bronze,Bill Overfelt
BO-1425,2671.257,651.9269999999999,8,Silver,Bobby Odegard
BP-1050,4981.5419999999995,1245.8819999999998,9,Silver,Barry Pond
BP-1095,1759.6680000000001,384.828,6,Silver,Bart Pistole
BP-11050,5403.78676,845.07976,21,Silver,Barry Pond
BP-11095,8327.8696,599.4306999999998,32,Gold,Bart Pistole
BP-11155,13696.143460000001,3395.30716,24,Platinum,Becky Pak
BP-11185,15376.03172,1989.4898199999996,28,Platinum,Ben Peterman
BP-11230,12573.613599999999,467.9241,23,Gold,Benjamin Patterson
BP-11290,12448.89978,1858.8290799999995,29,Gold,Beth Paige
BP-1155,1110.78,180.9,6,Bronze,Becky Pak
BP-1185,1430.616,-645.534,10,Bronze,Ben Peterman
BP-1230,6134.988,444.2880000000003,8,Silver,Benjamin Patterson
BP-1290,383.34000000000003,99.27,4,Bronze,Beth Paige
BS-11365,22551.02596,5680.727359999999,26,Platinum,Bill Shonely
BS-11380,18305.9783,1776.7021,23,Platinum,Bill Stewart
BS-11590,11358.58602,1783.4587199999999,23,Gold,Brendan Sweed
BS-11665,17468.881,3112.1578,24,Platinum,Brian Stugart
BS-11755,17557.4595,1194.7291,29,Platinum,Bruce Stewart
BS-11800,10887.2118,1851.8634,21,Gold,Bryan Spruell
BS-1365,957.63,288.18,5,Bronze,Bill Shonely
BS-1380,469.458,38.328,5,Bronze,Bill Stewart
BS-1590,819.45,262.22999999999996,5,Bronze,Brendan Sweed
BS-1665,5101.908,500.718,7,Silver,Brian Stugart
BS-1755,1679.76,-697.7699999999996,5,Silver,Bruce Stewart
BS-1800,6364.854,931.344,9,Gold,Bryan Spruell
BT-11305,10321.82,908.1758000000001,24,Gold,Beth Thompson
BT-11395,11347.529,2743.9623,24,Gold,Bill Tyler
BT-11440,8263.9755,290.93390000000005,21,Gold,Bobby Trafton
BT-11485,8878.05054,1170.7539399999998,29,Gold,Brad Thomas
BT-11530,13808.318,930.8343000000001,25,Platinum,Bradley Talbott
BT-11680,14087.7631,1663.9095,22,Platinum,Brian Thompson
BT-1305,1305.96,-44.24999999999993,10,Bronze,Beth Thompson
BT-1395,448.84799999999996,-199.032,4,Bronze,Bill Tyler
BT-1440,2132.565,-760.7249999999999,10,Silver,Bobby Trafton
BT-1485,2803.974,-231.12600000000003,9,Silver,Brad Thomas
BT-1530,1535.7810000000002,522.8009999999999,7,Bronze,Bradley Talbott
BT-1680,807.36,131.64,4,Bronze,Brian Thompson
BV-11245,20681.678,3415.0463999999997,22,Platinum,Benjamin Venier
BV-1245,684.2640000000001,-595.296,3,Bronze,Benjamin Venier
BW-1065,9027.48,3341.3399999999997,5,Gold,Barry Weirich
BW-11065,8409.0559,354.0633,18,Gold,Barry Weirich
BW-1110,1696.8300000000002,258.42,10,Silver,Bart Watters
BW-11110,30613.6165,3337.4658999999997,35,Platinum,Bart Watters
BW-11200,11862.369079999999,1567.88038,29,Gold,Ben Wallace
BW-1200,3105.8160000000003,784.326,4,Silver,Ben Wallace
CA-11965,21110.5214,3382.260299999999,26,Platinum,Carol Adams
CA-12055,10691.028,1738.3699,22,Gold,Cathy Armstrong
CA-12265,18472.6689,3270.7200000000003,31,Platinum,Christina Anderson
CA-12310,7166.230860000001,727.9286599999999,21,Gold,Christine Abelman
CA-12775,18350.464,4605.477500000001,26,Platinum,Cynthia Arntzen
CA-1965,2883.141,-103.1789999999999,8,Silver,Carol Adams
CA-2055,1601.73,131.4,3,Bronze,Cathy Armstrong
CA-2265,3364.6380000000004,391.398,7,Silver,Christina Anderson
CA-2310,636.06,139.23000000000002,5,Bronze,Christine Abelman
CA-2775,1485.8970000000002,-714.213,4,Bronze,Cynthia Arntzen
CB-12025,11685.3186,-98.73150000000058,25,Gold,Cassandra Brandow
CB-12415,12705.54736,2271.8956599999997,23,Gold,Christy Brittain
CB-12535,18108.67284,2401.9074399999995,27,Platinum,Claudia Bergmann
CB-2025,1840.8899999999999,307.56,5,Silver,Cassandra Brandow
CB-2415,1232.568,-184.81199999999995,4,Bronze,Christy Brittain
CB-2535,147.12000000000003,-234.69,2,Bronze,Claudia Bergmann
CC-12100,11500.12324,2384.25944,25,Gold,Chad Cunningham
CC-12145,12190.6666,1471.9290999999996,24,Gold,Charles Crestani
CC-12220,7308.7328,1315.8066000000001,32,Gold,Chris Cortes
CC-12370,28229.8514,3982.928699999999,30,Platinum,Christopher Conant
CC-12430,13997.59256,2779.9208599999997,29,Platinum,Chuck Clark
CC-12475,17159.80046,3120.1634599999998,30,Platinum,Cindy Chapman
CC-12550,7908.65034,1167.4589399999998,25,Gold,Clay Cheatham
CC-12610,16822.64,2950.193,29,Platinum,Corey Catlett
CC-12670,9969.0279,-549.5837000000002,28,Gold,Craig Carreira
CC-12685,12798.5442,693.6283000000002,20,Gold,Craig Carroll
CC-2100,1020.048,238.368,5,Bronze,Chad Cunningham
CC-2145,1158.18,-164.13,6,Bronze,Charles Crestani
CC-2220,4174.182,1190.082,12,Silver,Chris Cortes
CC-2370,6957.225,1620.4050000000002,9,Gold,Christopher Conant
CC-2430,1041.5700000000002,160.59,2,Bronze,Chuck Clark
CC-2475,3709.881,914.6909999999999,7,Silver,Cindy Chapman
CC-2550,1433.3999999999999,357.0900000000001,5,Bronze,Clay Cheatham
CC-2610,782.388,52.81800000000001,3,Bronze,Corey Catlett
CC-2670,1527.582,268.602,6,Bronze,Craig Carreira
CC-2685,4019.412,1556.232,5,Silver,Craig Carroll
CD-11920,18296.7474,4751.7303999999995,27,Platinum,Carlos Daly
CD-11980,11848.162460000001,1648.4392599999999,23,Gold,Carol Darley
CD-12280,16779.54838,2367.3817799999997,24,Platinum,Christina DeMoss
CD-12790,13468.1145,2080.4847,25,Platinum,Cynthia Delaney
CD-1920,1821.219,277.17900000000003,4,Silver,Carlos Daly
CD-1980,1380.228,231.91800000000003,7,Bronze,Carol Darley
CD-2280,1205.04,224.39999999999998,7,Bronze,Christina DeMoss
CD-2790,1030.788,73.81800000000004,7,Bronze,Cynthia Delaney
CG-12040,3596.268,149.07059999999993,19,Silver,Catherine Glotzbach
CG-12520,13545.47002,2398.13442,18,Platinum,Claire Gute
CG-2040,518.9399999999999,-395.9099999999999,5,Bronze,Catherine Glotzbach
CG-2520,1116.204,168.44400000000002,7,Bronze,Claire Gute
CH-12070,11122.55656,1493.4216599999997,21,Gold,Cathy Hwang
CH-2070,4545.618,1178.088,8,Silver,Cathy Hwang
CJ-11875,12538.83296,1857.2449600000002,23,Gold,Carl Jackson
CJ-12010,19356.0046,2386.7219999999998,26,Platinum,Caroline Jumper
CJ-1875,1431.432,100.18200000000002,6,Bronze,Carl Jackson
CJ-2010,223.56,30.87,3,Bronze,Caroline Jumper
CK-12205,13625.20784,1311.2059399999998,38,Platinum,Chloris Kastensmidt
CK-12325,9927.89832,849.5182199999999,27,Gold,Christine Kargatis
CK-12595,16480.86618,2175.8459799999996,33,Platinum,Clytie Kelty
CK-12760,6574.8044,-100.50570000000009,26,Gold,Cyma Kinney
CK-2205,950.697,-345.393,5,Bronze,Chloris Kastensmidt
CK-2325,3125.295,531.195,8,Silver,Christine Kargatis
CK-2595,662.2800000000001,197.79000000000002,3,Bronze,Clytie Kelty
CK-2760,4015.9500000000003,625.89,12,Silver,Cyma Kinney
CL-11890,17622.411360000002,-247.7379400000006,31,Platinum,Carl Ludwig
CL-12565,17008.13588,614.5829799999997,30,Platinum,Clay Ludtke
CL-12700,17943.6508,2563.4447,31,Platinum,Craig Leslie
CL-1890,560.745,83.475,9,Bronze,Carl Ludwig
CL-2565,2775.636,708.8460000000001,6,Silver,Clay Ludtke
CL-2700,1432.374,106.88400000000001,4,Bronze,Craig Leslie
CM-11815,14362.8004,-2881.6445999999996,23,Platinum,Candace McMahon
CM-11830,16828.819,2444.6989999999996,24,Platinum,Cari MacIntyre
CM-11935,9689.0124,2081.088,18,Gold,Carlos Meador
CM-12115,14657.9493,2164.8172,20,Platinum,Chad McGuire
CM-12160,17910.03942,432.5568199999997,26,Platinum,Charles McCrossin
CM-12190,11375.05222,598.4815199999998,25,Gold,Charlotte Melton
CM-12235,11377.591,1953.9977,22,Gold,Chris McAfee
CM-12385,21882.96992,3029.9603199999997,25,Platinum,Christopher Martinez
CM-12445,11971.70808,1188.1276799999998,25,Gold,Chuck Magee
CM-12655,14188.72268,-733.95642,18,Platinum,Corinna Mitchell
CM-12715,8392.5789,915.3872999999996,19,Gold,Craig Molinari
CM-1815,431.874,82.85400000000001,5,Bronze,Candace McMahon
CM-1830,4777.407,39.98700000000015,13,Silver,Cari MacIntyre
CM-1935,459.294,125.27400000000002,7,Bronze,Carlos Meador
CM-2115,1907.3700000000001,277.53,3,Silver,Chad McGuire
CM-2160,2245.92,314.13,5,Silver,Charles McCrossin
CM-2190,1451.49,-480.6899999999997,4,Bronze,Charlotte Melton
CM-2235,243.03,-66.3,5,Bronze,Chris McAfee
CM-2385,580.614,-19.92599999999994,4,Bronze,Christopher Martinez
CM-2445,1741.5780000000002,288.528,4,Silver,Chuck Magee
CM-2655,1389.834,-221.10600000000002,12,Bronze,Corinna Mitchell
CM-2715,2838.264,294.954,7,Silver,Craig Molinari
CP-12085,14183.881899999998,620.3837000000002,23,Platinum,Cathy Prescott
CP-12340,20109.46928,182.9713799999998,30,Platinum,Christine Phan
CP-2085,5585.7,1130.19,10,Silver,Cathy Prescott
CP-2340,5044.65,1565.31,4,Silver,Christine Phan
CR-12580,8700.3125,818.0318000000001,20,Gold,Clay Rozendal
CR-12625,17271.20568,1478.5750799999996,28,Platinum,Corey Roper
CR-12730,19487.963760000002,1648.0413599999997,24,Platinum,Craig Reiter
CR-12820,14470.550560000001,3391.18846,24,Platinum,Cyra Reiten
CR-2580,3057.2639999999997,1127.964,5,Silver,Clay Rozendal
CR-2625,5079.897,866.547,9,Silver,Corey Roper
CR-2730,1359.576,-212.6039999999999,11,Bronze,Craig Reiter
CR-2820,1188.012,-78.46799999999993,8,Bronze,Cyra Reiten
CS-11845,20471.0526,3274.9862,26,Platinum,Cari Sayre
CS-11860,10555.92482,970.3403199999999,21,Gold,Cari Schnelling
CS-11950,14222.97134,-1148.0779599999996,31,Platinum,Carlos Soltero
CS-12130,10981.231,641.4549,22,Gold,Chad Sievert
CS-12175,16706.0963,3114.0087999999996,29,Platinum,Charles Sheldon
CS-12250,12496.105300000001,2210.8319,30,Gold,Chris Selesnick
CS-12355,9240.897,-115.63179999999993,31,Gold,Christine Sundaresam
CS-12400,10221.36436,1373.0625599999998,23,Gold,Christopher Schild
CS-12460,20084.21728,2801.2725800000003,23,Platinum,Chuck Sachs
CS-12490,11110.4965,-422.2581000000001,30,Gold,Cindy Schnelling
CS-12505,11535.2464,-6437.368100000001,16,Gold,Cindy Stewart
CS-1845,1593.3120000000001,-359.65799999999996,8,Bronze,Cari Sayre
CS-1860,1618.674,349.554,9,Bronze,Cari Schnelling
CS-1950,714.0720000000001,148.002,5,Bronze,Carlos Soltero
CS-2130,1367.2680000000003,-645.5219999999999,4,Bronze,Chad Sievert
CS-2175,3340.098,1214.568,5,Silver,Charles Sheldon
CS-2250,1917.6239999999998,391.67400000000004,4,Silver,Chris Selesnick
CS-2355,1307.16,114.48,9,Bronze,Christine Sundaresam
CS-2400,2293.17,706.98,5,Silver,Christopher Schild
CS-2460,2671.227,141.83700000000002,8,Silver,Chuck Sachs
CS-2490,1664.13,611.13,3,Bronze,Cindy Schnelling
CS-2505,1894.4999999999998,285.81,7,Silver,Cindy Stewart
CT-11995,13715.79704,2509.3953399999996,27,Platinum,Carol Triggs
CT-1995,422.778,-71.59200000000003,2,Bronze,Carol Triggs
CV-12295,9042.26818,1126.4462800000001,20,Gold,Christina VanderZanden
CV-12805,9764.1306,1737.4444999999998,20,Gold,Cynthia Voltz
CV-2295,1283.241,-521.109,9,Bronze,Christina VanderZanden
CV-2805,5088.852000000001,172.66199999999995,7,Silver,Cynthia Voltz
CW-11905,12917.6316,2635.8494,25,Gold,Carl Weiss
CW-1905,1436.31,371.55,4,Bronze,Carl Weiss
CY-12745,13928.4683,1721.2589999999998,31,Platinum,Craig Yedwab
CY-2745,293.034,-179.016,4,Bronze,Craig Yedwab
Co-12640,12279.23076,1295.1629599999999,25,Gold,Corey-Lock
Co-2640,767.6370000000001,-99.12299999999996,5,Bronze,Corey-Lock
DA-13450,13035.36826,-826.0713400000001,25,Gold,Dianna Arnett
DA-3450,2212.05,528.24,4,Silver,Dianna Arnett
DB-12910,12338.2837,781.9895,27,Gold,Daniel Byrd
DB-12970,9166.209200000001,463.2448999999994,11,Gold,Darren Budd
DB-13060,23476.91166,3315.62286,26,Platinum,Dave Brooks
DB-13120,5602.59462,-2028.5785799999999,16,Silver,David Bremer
DB-13210,13743.5959,1479.9667999999997,27,Platinum,Dean Braden
DB-13270,11690.3695,1420.4589,25,Gold,Deborah Brumfield
DB-13360,6919.814359999999,848.4468599999999,28,Gold,Dennis Bolton
DB-13405,16083.956659999998,1988.81386,26,Platinum,Denny Blanton
DB-13555,9415.2204,943.0146,22,Gold,Dorothy Badders
DB-13615,10031.4568,1995.248,28,Gold,Doug Bickford
DB-13660,11397.064840000001,1267.3363399999998,20,Gold,Duane Benoit
DB-2910,3051.18,874.95,8,Silver,Daniel Byrd
DB-2970,513.03,123.72,4,Bronze,Darren Budd
DB-3060,2070.258,336.73800000000006,8,Silver,Dave Brooks
DB-3120,671.2320000000001,-242.11799999999997,4,Bronze,David Bremer
DB-3210,387.021,-54.15900000000002,7,Bronze,Dean Braden
DB-3270,886.2299999999999,219.78,2,Bronze,Deborah Brumfield
DB-3360,3691.5299999999997,1074.27,2,Silver,Dennis Bolton
DB-3405,548.682,-30.257999999999946,2,Bronze,Denny Blanton
DB-3555,971.1120000000001,299.262,3,Bronze,Dorothy Badders
DB-3615,2824.152,972.432,4,Silver,Doug Bickford
DB-3660,2207.712,150.462,3,Silver,Duane Benoit
DC-12850,9307.3655,-659.5637999999998,29,Gold,Dan Campbell
DC-13285,16164.649899999999,1043.3900999999998,23,Platinum,Debra Catini
DC-2850,4131.144,589.074,9,Silver,Dan Campbell
DC-3285,800.004,-178.05599999999998,4,Bronze,Debra Catini
DD-13570,8741.4648,959.7671999999999,24,Gold,Dorothy Dickinson
DD-3570,2331.4139999999998,439.884,8,Silver,Dorothy Dickinson
DE-13255,10085.789999999999,1657.8874,22,Gold,Deanra Eno
DE-3255,2714.49,77.60999999999994,8,Silver,Deanra Eno
DF-13135,10240.3839,474.00019999999995,18,Gold,David Flashing
DF-3135,1301.6520000000003,-110.928,4,Bronze,David Flashing
DG-13300,13731.428,2067.2561,28,Platinum,Deirdre Greer
DG-3300,2982.312,307.062,6,Silver,Deirdre Greer
DH-13075,14128.678100000001,1370.5765,25,Platinum,Dave Hallsten
DH-13675,7817.3085,842.9994999999999,17,Gold,Duane Huffman
DH-3075,2063.682,311.292,10,Silver,Dave Hallsten
DH-3675,4661.844,1308.144,12,Silver,Duane Huffman
DJ-13420,22142.43114,3173.13614,28,Platinum,Denny Joy
DJ-13510,15420.2879,2695.862,31,Platinum,Don Jones
DJ-13630,12560.13,2205.8763999999996,27,Gold,Doug Jacobs
DJ-3420,419.64,82.25999999999999,4,Bronze,Denny Joy
DJ-3510,5976.69,1614.6,7,Silver,Don Jones
DJ-3630,1293.948,469.87800000000004,6,Bronze,Doug Jacobs
DK-12835,17590.5547,2632.1874999999995,32,Platinum,Damala Kotsonis
DK-12895,18340.62916,1080.66276,22,Platinum,Dana Kaydos
DK-12985,14823.9685,1366.8047000000001,35,Platinum,Darren Koutras
DK-13090,19178.6392,4004.4357,36,Platinum,Dave Kipp
DK-13150,15983.711,2064.7236999999996,22,Platinum,David Kendrick
DK-13225,9246.4686,898.3240000000001,29,Gold,Dean Katz
DK-13375,16258.534,2159.7979000000005,26,Platinum,Dennis Kane
DK-2835,3373.143,285.66300000000007,11,Silver,Damala Kotsonis
DK-2895,1292.1299999999999,282.9,6,Bronze,Dana Kaydos
DK-2985,81.43200000000002,-78.88799999999998,1,Bronze,Darren Koutras
DK-3090,273.76800000000003,76.12800000000001,3,Bronze,Dave Kipp
DK-3150,1577.874,114.414,14,Bronze,David Kendrick
DK-3225,1407.984,108.77400000000002,8,Bronze,Dean Katz
DK-3375,3846.78,805.7099999999999,10,Silver,Dennis Kane
DL-12865,11185.718100000002,280.33099999999956,34,Gold,Dan Lawera
DL-12925,11364.6808,1411.7939999999999,21,Gold,Daniel Lacy
DL-13315,18505.6005,2265.2257,27,Platinum,Delfina Latchford
DL-13330,16781.631,2652.7522,34,Platinum,Denise Leinenbach
DL-13495,15872.184,2474.7639999999997,27,Platinum,Dionis Lloyd
DL-2865,1502.9640000000002,145.70400000000004,7,Bronze,Dan Lawera
DL-2925,831.996,-303.354,7,Bronze,Daniel Lacy
DL-3315,1746.8700000000001,533.3100000000001,6,Silver,Delfina Latchford
DL-3330,1159.3500000000001,94.74,3,Bronze,Denise Leinenbach
DL-3495,773.604,-913.8959999999998,5,Bronze,Dionis Lloyd
DM-12955,19862.57592,2206.22022,32,Platinum,Dario Medina
DM-13015,15626.531799999999,1530.8618999999997,30,Platinum,Darrin Martin
DM-13345,17054.8905,2876.8071000000004,27,Platinum,Denise Monton
DM-13525,9640.38168,-925.5615200000004,19,Gold,Don Miller
DM-2955,2437.407,100.70700000000006,9,Silver,Dario Medina
DM-3015,2105.79,460.89,6,Silver,Darrin Martin
DM-3345,4998.42,-5474.61,6,Silver,Denise Monton
DM-3525,2191.266,652.146,6,Silver,Don Miller
DN-13690,13098.338,711.4185000000003,24,Gold,Duane Noonan
DN-3690,1815.9540000000002,-477.87600000000003,5,Silver,Duane Noonan
DO-13435,15280.8855,3207.4254,32,Platinum,Denny Ordway
DO-13645,12083.48092,1997.8325199999997,25,Gold,Doug O'Connell
DO-3435,3515.73,930.21,10,Silver,Denny Ordway
DO-3645,1689.252,-181.09799999999998,5,Silver,Doug O'Connell
DP-13000,13882.7624,-949.6011999999997,31,Platinum,Darren Powers
DP-13105,18930.032199999998,3099.9463000000005,25,Platinum,Dave Poirier
DP-13165,22211.28212,1808.3185200000003,25,Platinum,David Philippe
DP-13390,10282.7912,2369.8289999999997,27,Gold,Dennis Pardue
DP-3000,2093.6099999999997,432.15,10,Silver,Darren Powers
DP-3105,6970.716000000001,1500.1860000000001,6,Gold,Dave Poirier
DP-3165,1517.9520000000002,-973.7879999999999,6,Bronze,David Philippe
DP-3390,1376.1299999999999,318.36,6,Bronze,Dennis Pardue
DR-12880,14415.338300000001,2112.6456,32,Platinum,Dan Reichenbach
DR-12940,25641.46492,5505.92292,33,Platinum,Daniel Raglin
DR-2880,2291.4629999999997,-128.2469999999999,8,Silver,Dan Reichenbach
DR-2940,2288.4,598.05,8,Silver,Daniel Raglin
DS-13030,11644.2965,1068.3453999999997,26,Gold,Darrin Sayre
DS-13180,13447.412,1669.7885,31,Platinum,David Smith
DS-3030,1636.512,419.322,6,Bronze,Darrin Sayre
DS-3180,185.136,43.626000000000005,2,Bronze,David Smith
DV-13045,18106.01292,599.1859199999997,24,Platinum,Darrin Van Huff
DV-13465,12910.87688,2167.6825799999997,20,Gold,Dianna Vittorini
DV-3045,4640.3189999999995,17.139000000000035,13,Silver,Darrin Van Huff
DV-3465,4037.82,1175.04,5,Silver,Dianna Vittorini
DW-13195,9689.3171,1623.3823000000002,26,Gold,David Wiener
DW-13480,16336.8556,3315.6931999999997,23,Platinum,Dianna Wilson
DW-13540,13166.415,1471.8721999999998,20,Platinum,Don Weiss
DW-13585,12143.043599999999,821.813,37,Gold,Dorothy Wardle
DW-3195,1241.2259999999999,115.71600000000002,4,Bronze,David Wiener
DW-3480,7118.106000000001,1713.3959999999997,12,Gold,Dianna Wilson
DW-3540,1216.5870000000002,-1046.163,4,Bronze,Don Weiss
DW-3585,461.874,48.744000000000014,4,Bronze,Dorothy Wardle
Dl-13600,11912.7634,1722.9402,20,Gold,Dorris liebe
Dl-3600,2809.056,128.76600000000016,10,Silver,Dorris liebe
Dp-13240,22225.61032,3822.6941199999997,28,Platinum,Dean percer
Dp-3240,609.3000000000001,136.47,7,Bronze,Dean percer
EA-14035,11387.06772,867.17212,31,Gold,Erin Ashbrook
EA-4035,131.808,0.8880000000000088,3,Bronze,Erin Ashbrook
EB-13705,12382.2841,894.0075999999997,30,Gold,Ed Braxton
EB-13750,8489.991,1368.591,20,Gold,Edward Becker
EB-13840,20188.158939999998,5466.499739999999,25,Platinum,Ellis Ballard
EB-13870,6850.9837,187.37619999999995,19,Gold,Emily Burns
EB-13930,9533.9519,1385.4761,18,Gold,Eric Barreto
EB-13975,13405.6013,2653.5443999999998,32,Platinum,Erica Bern
EB-14110,13665.4673,3285.6168999999995,24,Platinum,Eugene Barchas
EB-14170,6736.4391000000005,276.7832,23,Gold,Evan Bailliet
EB-3705,3141.63,594.6,3,Silver,Ed Braxton
EB-3750,939.153,118.563,6,Bronze,Edward Becker
EB-3840,1797.738,382.248,6,Silver,Ellis Ballard
EB-3870,184.872,-166.818,5,Bronze,Emily Burns
EB-3930,2433.516,706.2660000000001,9,Silver,Eric Barreto
EB-3975,2713.62,377.19000000000005,9,Silver,Erica Bern
EB-4110,2417.757,-391.9529999999999,10,Silver,Eugene Barchas
EB-4170,1267.62,288.84,6,Bronze,Evan Bailliet
EC-14050,4430.2361,424.05769999999995,19,Silver,Erin Creighton
EC-4050,2301.315,407.715,7,Silver,Erin Creighton
ED-13885,18018.879,2933.2625,31,Platinum,Emily Ducich
ED-3885,525.474,-360.8159999999999,8,Bronze,Emily Ducich
EG-13900,16562.35068,3360.54628,21,Platinum,Emily Grady
EG-3900,6549.951,-756.3089999999996,11,Gold,Emily Grady
EH-13765,20259.916,1685.9613999999997,29,Platinum,Edward Hooks
EH-13945,7832.68602,1551.0848199999998,27,Gold,Eric Hoffmann
EH-13990,8807.0846,1552.3205,26,Gold,Erica Hackney
EH-14005,10374.938100000001,285.6473,28,Gold,Erica Hernandez
EH-14125,17408.31362,2105.8908199999996,31,Platinum,Eugene Hildebrand
EH-14185,12800.51382,1241.8905199999997,29,Gold,Evan Henry
EH-3765,1010.3820000000001,-1014.7679999999999,9,Bronze,Edward Hooks
EH-3945,2518.74,698.97,9,Silver,Eric Hoffmann
EH-3990,672.489,4.598999999999976,6,Bronze,Erica Hackney
EH-4005,2629.674,509.004,7,Silver,Erica Hernandez
EH-4125,5012.219999999999,-445.55999999999955,13,Silver,Eugene Hildebrand
EH-4185,3577.77,1039.62,8,Silver,Evan Henry
EJ-13720,8969.44,1012.9436000000001,22,Gold,Ed Jacobs
EJ-14155,12324.8446,1975.1190999999997,23,Gold,Eva Jacobs
EJ-3720,1727.964,197.004,8,Silver,Ed Jacobs
EJ-4155,2631.9900000000002,819.4499999999999,5,Silver,Eva Jacobs
EK-13795,5597.3462,593.1248,17,Silver,Eileen Kiefer
EK-3795,1531.083,172.353,6,Bronze,Eileen Kiefer
EL-13735,10515.862,1142.5974,23,Gold,Ed Ludwig
EL-3735,3691.392,12.942000000000217,11,Silver,Ed Ludwig
EM-13810,13549.72804,1664.8005399999997,23,Platinum,Eleni McCrary
EM-13825,14128.07816,2018.14436,26,Platinum,Elizabeth Moffitt
EM-13960,25228.52948,2593.94148,37,Platinum,Eric Murdock
EM-14065,12108.30958,3017.73418,17,Gold,Erin Mull
EM-14095,10889.699700000001,1684.9539,17,Gold,Eudokia Martin
EM-14140,21507.291259999998,3683.1207600000002,30,Platinum,Eugene Moren
EM-14200,17087.77766,3138.33776,23,Platinum,Evan Minnotte
EM-3810,1032.879,232.56900000000005,6,Bronze,Eleni McCrary
EM-3825,378.258,-30.07199999999999,6,Bronze,Elizabeth Moffitt
EM-3960,2855.8740000000003,712.074,8,Silver,Eric Murdock
EM-4065,3213.246,921.726,9,Silver,Erin Mull
EM-4095,2833.56,79.82999999999998,9,Silver,Eudokia Martin
EM-4140,1900.791,-58.86900000000001,6,Silver,Eugene Moren
EM-4200,2585.8979999999997,509.11800000000005,4,Silver,Evan Minnotte
EN-13780,6333.9164,478.5334999999998,20,Gold,Edward Nazzal
EN-3780,734.856,-240.834,8,Bronze,Edward Nazzal
EP-13915,16283.35774,2159.58474,33,Platinum,Emily Phan
EP-3915,487.95,-55.62000000000001,3,Bronze,Emily Phan
ER-13855,13396.0,2212.0922,19,Platinum,Elpida Rittenbach
ER-3855,3736.296,373.626,7,Silver,Elpida Rittenbach
ES-14020,12827.27294,2761.3884399999997,32,Gold,Erica Smith
ES-14080,16236.005799999999,1925.1878999999997,24,Platinum,Erin Smith
ES-4020,1892.7780000000002,365.98800000000006,7,Silver,Erica Smith
ES-4080,1925.544,250.10399999999998,9,Silver,Erin Smith
FA-14230,13535.0628,1245.2617,29,Platinum,Frank Atkinson
FA-4230,814.5719999999999,250.93200000000002,6,Bronze,Frank Atkinson
FC-14245,10867.8088,2492.3230000000003,23,Gold,Frank Carlisle
FC-14335,8770.73964,1329.9262399999998,23,Gold,Fred Chung
FC-4245,1540.638,288.468,6,Bronze,Frank Carlisle
FC-4335,550.9499999999999,166.76999999999998,4,Bronze,Fred Chung
FG-14260,9396.5055,1158.0512,18,Gold,Frank Gastineau
FG-4260,308.211,-123.93900000000001,9,Bronze,Frank Gastineau
FH-14275,13569.566,3539.4216,23,Platinum,Frank Hawley
FH-14350,10654.52882,2959.86382,20,Gold,Fred Harton
FH-14365,27649.326520000002,4101.91312,30,Platinum,Fred Hopkins
FH-4275,113.064,8.154000000000003,5,Bronze,Frank Hawley
FH-4350,110.48100000000001,-71.82900000000001,3,Bronze,Fred Harton
FH-4365,2751.348,507.37800000000004,9,Silver,Fred Hopkins
FM-14215,14353.3978,1000.9705999999996,31,Platinum,Filia McAdams
FM-14290,14382.319220000001,2191.58072,30,Platinum,Frank Merwin
FM-14380,6598.3977,1461.1015000000002,21,Gold,Fred McMath
FM-4215,2935.614,393.05400000000003,6,Silver,Filia McAdams
FM-4290,2002.71,409.71000000000004,8,Silver,Frank Merwin
FM-4380,843.5400000000001,-445.5899999999999,6,Bronze,Fred McMath
FO-14305,15614.2155,2567.1143999999995,37,Platinum,Frank Olsen
FO-4305,2158.446,456.63599999999997,10,Silver,Frank Olsen
FP-14320,9939.0502,840.6414999999996,29,Gold,Frank Preis
FP-4320,816.5820000000001,96.552,5,Bronze,Frank Preis
FW-14395,16972.7481,1651.7594,26,Platinum,Fred Wasserman
FW-4395,1220.8110000000001,32.03099999999998,8,Bronze,Fred Wasserman
GA-14515,12488.67232,1108.47532,24,Gold,George Ashbrook
GA-14725,8817.5455,1012.2713999999999,24,Gold,Guy Armstrong
GA-4515,1318.3890000000001,-316.13100000000014,7,Bronze,George Ashbrook
GA-4725,1460.796,-240.29399999999993,4,Bronze,Guy Armstrong
GB-14530,11657.753,560.6201000000002,25,Gold,George Bell
GB-14575,10748.99238,1621.0136799999998,24,Gold,Giulietta Baptist
GB-4530,525.9,95.67,5,Bronze,George Bell
GB-4575,1821.912,12.251999999999995,6,Silver,Giulietta Baptist
GD-14590,18005.0006,1826.5178999999996,29,Platinum,Giulietta Dortch
GD-4590,700.692,61.63199999999999,4,Bronze,Giulietta Dortch
GG-14650,12902.96276,1491.5912599999997,28,Gold,Greg Guthrie
GG-4650,1000.422,31.932,5,Bronze,Greg Guthrie
GH-14410,13659.59598,47.465479999999765,36,Platinum,Gary Hansen
GH-14425,20039.763,3375.2251,31,Platinum,Gary Hwang
GH-14485,14692.6742,2200.7504,21,Platinum,Gene Hale
GH-14665,12921.45162,1877.94062,29,Gold,Greg Hansen
GH-4410,1610.22,566.34,9,Bronze,Gary Hansen
GH-4425,4585.83,532.89,10,Silver,Gary Hwang
GH-4485,794.622,95.202,4,Bronze,Gene Hale
GH-4665,1077.069,-293.2709999999999,9,Bronze,Greg Hansen
GK-14620,19215.7699,3611.1624,24,Platinum,Grace Kelly
GK-4620,764.601,-115.86899999999997,4,Bronze,Grace Kelly
GM-14440,15782.46188,1431.27788,26,Platinum,Gary McGarr
GM-14455,10523.649,3106.2264,17,Gold,Gary Mitchum
GM-14500,6704.18562,531.4221199999998,23,Gold,Gene McClure
GM-14680,12010.60944,-1804.8220600000002,31,Gold,Greg Matthias
GM-14695,14564.942,-71.28049999999935,19,Platinum,Greg Maxwell
GM-4440,735.216,233.736,8,Bronze,Gary McGarr
GM-4455,488.43,-234.12000000000006,4,Bronze,Gary Mitchum
GM-4500,4298.37,1021.8299999999999,5,Silver,Gene McClure
GM-4680,1590.402,466.902,6,Bronze,Greg Matthias
GM-4695,791.502,59.92200000000003,7,Bronze,Greg Maxwell
GP-14740,10793.729000000001,377.67659999999984,25,Gold,Guy Phonely
GP-4740,4610.103,872.433,8,Silver,Guy Phonely
GR-14560,8895.05754,1030.99074,24,Gold,Georgia Rosenberg
GR-4560,4955.529,-534.7109999999999,6,Silver,Georgia Rosenberg
GT-14635,19080.34784,-3790.083059999999,20,Platinum,Grant Thornton
GT-14710,34471.89028,5164.847179999999,30,Platinum,Greg Tran
GT-14755,5601.70652,593.3313199999999,23,Silver,Guy Thornton
GT-4635,1145.01,212.16,7,Bronze,Grant Thornton
GT-4710,1079.064,49.284,4,Bronze,Greg Tran
GT-4755,3457.578,190.84800000000004,8,Silver,Guy Thornton
GW-14605,16239.4915,934.7202,25,Platinum,Giulietta Weimer
GW-4605,1830.789,264.33900000000006,8,Silver,Giulietta Weimer
GZ-14470,20869.699,2885.9928999999997,35,Platinum,Gary Zandusky
GZ-14545,11593.730800000001,2645.2998,24,Gold,George Zrebassa
GZ-4470,3835.6259999999997,856.446,8,Silver,Gary Zandusky
GZ-4545,3698.388,1460.2980000000002,6,Silver,George Zrebassa
HA-14905,15826.81444,-526.0681599999998,24,Platinum,Helen Abelman
HA-14920,9740.3981,1457.3645999999999,25,Gold,Helen Andreada
HA-4905,1106.604,-235.626,4,Bronze,Helen Abelman
HA-4920,670.674,103.79399999999998,6,Bronze,Helen Andreada
HD-14785,16749.140199999998,1803.1442000000004,29,Platinum,Harold Dahlen
HD-4785,3325.608,828.048,7,Silver,Harold Dahlen
HE-14800,9902.49522,1570.1460200000001,27,Gold,Harold Engle
HE-4800,1091.3220000000001,140.29199999999997,8,Bronze,Harold Engle
HF-14995,9712.8699,-474.87089999999984,28,Gold,Herbert Flentye
HF-4995,2099.973,-178.25699999999998,8,Silver,Herbert Flentye
HG-14845,21228.554519999998,-824.0102799999999,30,Platinum,Harry Greene
HG-14965,16810.6866,-1607.2489000000005,34,Platinum,Henry Goldwyn
HG-15025,14737.8066,1357.6438999999998,29,Platinum,Hunter Glantz
HG-4845,2987.8979999999997,532.518,9,Silver,Harry Greene
HG-4965,354.588,9.738000000000042,5,Bronze,Henry Goldwyn
HG-5025,1476.612,175.27200000000002,7,Bronze,Hunter Glantz
HH-15010,13731.737819999998,2109.31402,24,Platinum,Hilary Holden
HH-5010,1497.57,323.01,3,Bronze,Hilary Holden
HJ-14875,14312.7962,2324.0209999999997,32,Platinum,Heather Jas
HJ-4875,1121.22,294.24,6,Bronze,Heather Jas
HK-14890,13886.4431,2306.9442,27,Platinum,Heather Kirkland
HK-4890,1656.9660000000001,187.98600000000005,6,Bronze,Heather Kirkland
HL-15040,29664.23058,7657.50178,20,Platinum,Hunter Lopez
HL-5040,579.336,159.06599999999997,4,Bronze,Hunter Lopez
HM-14860,27434.167599999997,6544.8864,37,Platinum,Harry Marie
HM-14980,12718.7916,1044.7110999999998,29,Gold,Henry MacAllister
HM-4860,1042.77,413.4,4,Bronze,Harry Marie
HM-4980,4409.298,1628.628,5,Silver,Henry MacAllister
HP-14815,7321.4394999999995,636.2191999999999,24,Gold,Harold Pawlan
HP-4815,1196.682,244.00199999999998,5,Bronze,Harold Pawlan
HR-14770,11126.929,1182.9004,18,Gold,Hallie Redmond
HR-14830,9637.15436,1517.8777599999999,21,Gold,Harold Ryan
HR-4770,4550.322,522.372,8,Silver,Hallie Redmond
HR-4830,391.93800000000005,-61.842,3,Bronze,Harold Ryan
HW-14935,17199.202,2653.6991,28,Platinum,Helen Wasserman
HW-4935,1174.824,-98.58599999999984,7,Bronze,Helen Wasserman
HZ-14950,9656.4048,1003.4368999999997,22,Gold,Henia Zydlo
HZ-4950,2830.416,-261.954,6,Silver,Henia Zydlo
IG-15085,10383.13098,657.4951799999999,25,Gold,Ivan Gibson
IG-5085,5766.243,1253.673,12,Silver,Ivan Gibson
IL-15100,11802.69376,1244.2347599999998,25,Gold,Ivan Liston
IL-5100,1052.808,-63.161999999999935,7,Bronze,Ivan Liston
IM-15055,5154.839760000001,1534.0298599999999,15,Silver,Ionia McGrath
IM-15070,17854.10112,-567.63018,27,Platinum,Irene Maddox
IM-5055,4324.95,913.9499999999999,7,Silver,Ionia McGrath
IM-5070,2064.0660000000003,-112.67399999999992,7,Silver,Irene Maddox
JA-15970,17105.4707,688.9729999999997,25,Platinum,Joseph Airdo
JA-5970,1057.2269999999999,153.35700000000003,7,Bronze,Joseph Airdo
JB-15400,13085.503900000002,1992.2620999999997,34,Gold,Jennifer Braxton
JB-15925,12325.28696,1649.1341599999998,19,Gold,Joni Blumstein
JB-16000,22127.18112,2936.3772200000003,32,Platinum,Joy Bell-
JB-16045,13851.27568,778.6291799999996,24,Platinum,Julia Barnett
JB-5400,2172.0299999999997,459.59999999999997,7,Silver,Jennifer Braxton
JB-5925,1012.0920000000001,-518.6279999999999,8,Bronze,Joni Blumstein
JB-6000,1881.006,-68.4539999999999,7,Silver,Joy Bell-
JB-6045,3235.656,-529.5839999999996,10,Silver,Julia Barnett
JC-15340,17836.2846,239.28600000000046,29,Platinum,Jasper Cacioppo
JC-15385,12978.93092,2086.7973199999997,25,Gold,Jenna Caffey
JC-15775,10582.78504,1820.4692400000001,25,Gold,John Castell
JC-16105,11079.104879999999,712.3140799999998,28,Gold,Julie Creighton
JC-5340,606.105,98.50500000000002,6,Bronze,Jasper Cacioppo
JC-5385,3183.075,-782.235,9,Silver,Jenna Caffey
JC-5775,1712.487,37.917,5,Silver,John Castell
JC-6105,3914.9399999999996,-2601.419999999999,6,Silver,Julie Creighton
JD-15790,10267.749759999999,-293.6847400000001,24,Gold,John Dryer
JD-15895,16711.32422,1430.54702,32,Platinum,Jonathan Doherty
JD-16015,8690.629299999999,-29.400200000000137,24,Gold,Joy Daniels
JD-16060,7683.04096,-24.026940000000067,19,Gold,Julia Dunbar
JD-16150,18281.84948,1430.44888,28,Platinum,Justin Deggeller
JD-5790,1323.0720000000001,-905.0279999999998,5,Bronze,John Dryer
JD-5895,2770.434,296.244,6,Silver,Jonathan Doherty
JD-6015,2652.78,-575.01,8,Silver,Joy Daniels
JD-6060,3541.44,588.9300000000001,9,Silver,Julia Dunbar
JD-6150,5329.77,1194.87,6,Silver,Justin Deggeller
JE-15475,5905.076,1223.3237,22,Silver,Jeremy Ellison
JE-15610,13192.6924,1780.0783,26,Platinum,Jim Epp
JE-15715,22275.2689,3648.0084999999995,36,Platinum,Joe Elijah
JE-15745,19629.12896,1123.48066,35,Platinum,Joel Eaton
JE-16165,8352.71836,1839.8079599999999,20,Gold,Justin Ellison
JE-5475,914.178,94.848,8,Bronze,Jeremy Ellison
JE-5610,756.855,-408.16499999999996,6,Bronze,Jim Epp
JE-5715,180.3,-27.119999999999997,7,Bronze,Joe Elijah
JE-5745,2275.5,405.30000000000007,7,Silver,Joel Eaton
JE-6165,4555.715999999999,1088.4959999999999,8,Silver,Justin Ellison
JF-15190,17064.7075,4108.5474,28,Platinum,Jamie Frazer
JF-15295,20382.2503,3263.2952999999998,24,Platinum,Jason Fortune-
JF-15355,7343.566,1016.6709999999999,22,Gold,Jay Fein
JF-15415,14717.46588,1396.6454800000001,23,Platinum,Jennifer Ferguson
JF-15490,9234.53286,1048.31756,30,Gold,Jeremy Farry
JF-15565,19844.14866,4329.94546,29,Platinum,Jill Fjeld
JF-5190,3510.168,-2385.9419999999996,8,Silver,Jamie Frazer
JF-5295,2433.942,-570.768,8,Silver,Jason Fortune-
JF-5355,3475.764,-2891.346,9,Silver,Jay Fein
JF-5415,8227.02,1270.2,11,Gold,Jennifer Ferguson
JF-5490,1487.3850000000002,151.785,7,Bronze,Jeremy Farry
JF-5565,3776.7000000000003,547.74,6,Silver,Jill Fjeld
JG-15115,12801.82588,1161.6409799999997,19,Gold,Jack Garza
JG-15160,19963.41,4498.9944000000005,32,Platinum,James Galang
JG-15310,12733.703899999999,2095.9115,24,Gold,Jason Gross
JG-15805,22015.3862,3393.2200999999995,37,Platinum,John Grady
JG-5115,2907.678,-2083.9019999999996,9,Silver,Jack Garza
JG-5160,1588.116,50.10600000000003,8,Bronze,James Galang
JG-5310,836.9939999999999,158.724,5,Bronze,Jason Gross
JG-5805,208.38,-112.43999999999997,3,Bronze,John Grady
JH-15430,11806.1963,1477.1982,31,Gold,Jennifer Halladay
JH-15820,23586.7205,4829.6727,31,Platinum,John Huston
JH-15910,12532.7177,1635.3962,32,Gold,Jonathan Howell
JH-15985,18863.4044,-182.9318000000003,38,Platinum,Joseph Holt
JH-16180,18267.0064,2588.2794,31,Platinum,Justin Hirsh
JH-5430,883.476,113.49600000000001,9,Bronze,Jennifer Halladay
JH-5820,2359.011,566.1510000000001,7,Silver,John Huston
JH-5910,4013.9939999999997,-930.3360000000001,8,Silver,Jonathan Howell
JH-5985,2073.48,569.61,7,Silver,Joseph Holt
JH-6180,5651.8949999999995,1406.385,9,Silver,Justin Hirsh
JJ-15445,9696.8474,1054.3552,19,Gold,Jennifer Jackson
JJ-15760,18103.64108,1755.5902799999997,28,Platinum,Joel Jenkins
JJ-5445,2490.204,-31.656000000000017,6,Silver,Jennifer Jackson
JJ-5760,1890.126,93.39599999999997,6,Silver,Joel Jenkins
JK-15205,10917.0012,2359.5622,24,Gold,Jamie Kunitz
JK-15325,17000.84332,2059.35902,28,Platinum,Jason Klamczynski
JK-15370,10189.51404,1813.4958399999998,27,Gold,Jay Kimmel
JK-15625,12754.4081,2805.6486,27,Gold,Jim Karlsson
JK-15640,12637.4495,2651.1058,26,Gold,Jim Kriz
JK-15730,20825.892,2283.7602999999995,34,Platinum,Joe Kamberova
JK-16090,21918.73684,3195.3713399999997,33,Platinum,Juliana Krohn
JK-16120,13134.716639999999,1594.4992399999999,26,Platinum,Julie Kriz
JK-5205,1617.6,404.22,5,Bronze,Jamie Kunitz
JK-5325,203.388,-36.97199999999998,3,Bronze,Jason Klamczynski
JK-5370,3211.452,-263.44800000000026,6,Silver,Jay Kimmel
JK-5625,4364.763,1170.693,8,Silver,Jim Karlsson
JK-5640,428.43,103.16999999999999,4,Bronze,Jim Kriz
JK-5730,5862.87,2089.7400000000002,6,Silver,Joe Kamberova
JK-6090,1215.516,-1397.1239999999998,5,Bronze,Juliana Krohn
JK-6120,2513.07,299.7,6,Silver,Julie Kriz
JL-15130,12908.49914,967.8775400000001,28,Gold,Jack Lebron
JL-15175,13499.872459999999,1268.0311599999998,27,Platinum,James Lanier
JL-15235,18725.38964,4370.94704,24,Platinum,Janet Lee
JL-15505,8631.695,644.2673000000001,22,Gold,Jeremy Lonsdale
JL-15835,22594.043,1576.5369999999996,30,Platinum,John Lee
JL-15850,8497.68,988.2485999999999,22,Gold,John Lucas
JL-5130,5765.400000000001,72.30000000000054,12,Silver,Jack Lebron
JL-5175,1353.09,433.14,5,Bronze,James Lanier
JL-5235,1751.712,359.742,4,Silver,Janet Lee
JL-5505,2729.3399999999997,542.01,3,Silver,Jeremy Lonsdale
JL-5835,3388.275,816.4650000000001,7,Silver,John Lee
JL-5850,2003.598,-634.0019999999997,4,Silver,John Lucas
JM-15250,15594.46182,2152.67332,24,Platinum,Janet Martin
JM-15265,15036.5537,2623.9919999999997,29,Platinum,Janet Molinari
JM-15535,6942.403,1460.2395,20,Gold,Jessica Myrick
JM-15580,13295.857,1540.2094,24,Platinum,Jill Matthias
JM-15655,16294.72706,1190.07406,34,Platinum,Jim Mitchum
JM-15865,20841.946500000002,2234.2469000000006,29,Platinum,John Murray
JM-16195,7825.5646,1314.3129999999999,25,Gold,Justin MacKendrick
JM-5250,2424.201,-488.01900000000023,5,Silver,Janet Martin
JM-5265,1131.912,156.102,4,Bronze,Janet Molinari
JM-5535,847.827,-101.31299999999996,5,Bronze,Jessica Myrick
JM-5580,880.323,176.523,5,Bronze,Jill Matthias
JM-5655,3602.67,608.46,8,Silver,Jim Mitchum
JM-5865,1544.268,83.86800000000005,6,Bronze,John Murray
JM-6195,1200.492,205.482,8,Bronze,Justin MacKendrick
JO-15145,10440.976,2280.9515,23,Gold,Jack O'Briant
JO-15280,7123.5651,1203.0993,21,Gold,Jas O'Carroll
JO-15550,4002.8940000000002,541.2968999999998,19,Silver,Jesus Ocampo
JO-5145,2904.714,764.304,6,Silver,Jack O'Briant
JO-5280,1694.8500000000001,702.69,4,Silver,Jas O'Carroll
JO-5550,4203.780000000001,41.46000000000001,9,Silver,Jesus Ocampo
JP-15460,10916.36982,1639.9413200000001,26,Gold,Jennifer Patt
JP-15520,16429.04996,2854.7461599999997,26,Platinum,Jeremy Pistek
JP-16135,10163.5086,2036.0102,34,Gold,Julie Prescott
JP-5460,3294.018,439.48800000000006,10,Silver,Jennifer Patt
JP-5520,2227.5240000000003,315.41399999999993,4,Silver,Jeremy Pistek
JP-6135,4432.650000000001,1443.03,8,Silver,Julie Prescott
JR-15670,13338.0916,-1185.9909,20,Platinum,Jim Radford
JR-15700,9568.31976,815.8547599999998,18,Gold,Jocasta Rupert
JR-16210,12589.959,1221.9459999999997,21,Gold,Justin Ritter
JR-5670,2585.034,425.574,6,Silver,Jim Radford
JR-5700,1673.1630000000002,116.67300000000007,6,Bronze,Jocasta Rupert
JR-6210,1033.29,84.81,6,Bronze,Justin Ritter
JS-15595,9334.6385,562.5655,18,Gold,Jill Stevenson
JS-15685,14338.5195,1848.0462999999997,26,Platinum,Jim Sink
JS-15880,10443.1001,1471.0499,20,Gold,John Stevenson
JS-15940,3874.7659999999996,-26.756599999999896,15,Silver,Joni Sundaresam
JS-16030,19218.81298,-675.4485200000001,32,Platinum,Joy Smith
JS-5595,806.691,-723.7589999999999,6,Bronze,Jill Stevenson
JS-5685,1944.0600000000002,502.44,5,Silver,Jim Sink
JS-5880,1745.997,-979.6529999999992,6,Silver,John Stevenson
JS-5940,2927.34,38.730000000000004,13,Silver,Joni Sundaresam
JS-6030,1573.038,572.448,4,Bronze,Joy Smith
JW-15220,23103.7263,4115.151699999999,34,Platinum,Jane Waco
JW-15955,10640.8287,624.7968,30,Gold,Joni Wasserman
JW-16075,19852.773,2677.4957,25,Platinum,Julia West
JW-5220,7184.724,2150.694,6,Gold,Jane Waco
JW-5955,307.79999999999995,32.31,2,Bronze,Joni Wasserman
JW-6075,747.21,272.52,4,Bronze,Julia West
KA-16525,17449.90012,1299.9135200000003,35,Platinum,Kelly Andreada
KA-6525,1429.884,101.48400000000011,7,Bronze,Kelly Andreada
KB-16240,9900.698,1801.5405999999998,27,Gold,Karen Bern
KB-16315,14542.762279999999,1420.08758,29,Platinum,Karl Braun
KB-16405,13786.092499999999,723.9985000000001,28,Platinum,Katrina Bavinger
KB-16585,16385.7495,1398.2126,27,Platinum,Ken Black
KB-16600,10295.9567,887.3471,25,Gold,Ken Brennan
KB-6240,1945.32,517.53,7,Silver,Karen Bern
KB-6315,2957.715,365.77500000000003,11,Silver,Karl Braun
KB-6405,238.548,-105.76199999999999,3,Bronze,Katrina Bavinger
KB-6585,216.77999999999997,-47.19,2,Bronze,Ken Black
KB-6600,1167.738,158.898,11,Bronze,Ken Brennan
KC-16255,9321.9643,2139.712,27,Gold,Karen Carlisle
KC-16540,18897.13026,2343.8801599999997,25,Platinum,Kelly Collister
KC-16675,13531.28104,2265.91074,23,Platinum,Kimberly Carter
KC-6255,1094.3580000000002,-160.21199999999993,8,Bronze,Karen Carlisle
KC-6540,505.89300000000003,14.222999999999999,7,Bronze,Kelly Collister
KC-6675,391.842,-120.948,3,Bronze,Kimberly Carter
KD-16270,23204.2675,3914.2346999999986,29,Platinum,Karen Daniels
KD-16345,11157.0404,2363.1306,15,Gold,Katherine Ducich
KD-16495,24996.5031,5152.9625,36,Platinum,Keith Dawkins
KD-16615,12348.443620000002,1720.54552,24,Gold,Ken Dana
KD-6270,813.06,-1023.5399999999998,1,Bronze,Karen Daniels
KD-6345,536.46,65.7,6,Bronze,Katherine Ducich
KD-6495,1454.76,333.21,4,Bronze,Keith Dawkins
KD-6615,205.97999999999996,30.18,3,Bronze,Ken Dana
KE-16420,12928.68672,1186.1554199999996,31,Gold,Katrina Edelman
KE-6420,622.452,100.39199999999998,4,Bronze,Katrina Edelman
KF-16285,15164.8685,2976.3911000000003,21,Platinum,Karen Ferguson
KF-6285,3100.152,-591.1979999999999,9,Silver,Karen Ferguson
KH-16330,15045.644499999999,3205.8576,26,Platinum,Katharine Harms
KH-16360,9983.5094,1542.2224999999999,28,Gold,Katherine Hughes
KH-16510,15340.395999999999,1713.8032,26,Platinum,Keith Herrera
KH-16630,7220.70456,1205.66716,27,Gold,Ken Heidel
KH-16690,18158.4601,2367.4902,39,Platinum,Kristen Hastings
KH-6330,3371.208,405.168,13,Silver,Katharine Harms
KH-6360,2221.365,300.16500000000025,7,Silver,Katherine Hughes
KH-6510,1544.34,483.03000000000003,7,Bronze,Keith Herrera
KH-6630,1795.866,300.306,5,Silver,Ken Heidel
KH-6690,1696.0140000000001,3.084000000000021,7,Silver,Kristen Hastings
KL-16555,12064.3877,580.9184,26,Gold,Kelly Lampkin
KL-16645,22553.1085,812.6144999999995,28,Platinum,Ken Lonsdale
KL-6555,2184.06,157.83000000000004,7,Silver,Kelly Lampkin
KL-6645,1576.296,-657.7139999999999,5,Bronze,Ken Lonsdale
KM-16225,7754.5516,227.23929999999984,18,Gold,Kalyca Meade
KM-16375,16394.46064,1194.4548399999999,28,Platinum,Katherine Murray
KM-16660,10785.2626,888.3436999999998,29,Gold,Khloe Miller
KM-16720,14041.02,1637.1664999999998,23,Platinum,Kunst Miller
KM-6225,891.3629999999999,142.293,3,Bronze,Kalyca Meade
KM-6375,2124.699,256.629,5,Silver,Katherine Murray
KM-6660,188.544,-40.44600000000001,3,Bronze,Khloe Miller
KM-6720,2928.654,1122.024,3,Silver,Kunst Miller
KN-16390,19350.14634,4067.82254,29,Platinum,Katherine Nockton
KN-16450,16294.6981,2512.5944,26,Platinum,Kean Nguyen
KN-16705,5884.778,935.5005,19,Silver,Kristina Nunn
KN-6390,318.72,77.37,3,Bronze,Katherine Nockton
KN-6450,1767.282,-255.37800000000004,8,Silver,Kean Nguyen
KN-6705,4830.858,763.0079999999999,5,Silver,Kristina Nunn
KS-16300,5103.36318,1079.99218,21,Silver,Karen Seio
KS-6300,221.60999999999999,33.69,4,Bronze,Karen Seio
KT-16465,15725.0362,589.5893999999998,32,Platinum,Kean Takahito
KT-16480,6240.6521,-156.15920000000003,20,Silver,Kean Thornton
KT-6465,1532.124,398.004,7,Bronze,Kean Takahito
KT-6480,2119.7400000000002,-461.76000000000005,7,Silver,Kean Thornton
KW-16435,15319.9656,3026.0406,23,Platinum,Katrina Willman
KW-16570,9256.0553,2191.5663,34,Gold,Kelly Williams
KW-6435,427.29,80.97000000000001,4,Bronze,Katrina Willman
KW-6570,2577.72,179.58,6,Silver,Kelly Williams
LA-16780,24273.0019,3754.0198,34,Platinum,Laura Armstrong
LA-6780,3589.44,208.29000000000008,12,Silver,Laura Armstrong
LB-16735,12686.03922,1566.2419199999997,29,Gold,Larry Blacks
LB-16795,24589.87022,4515.38322,31,Platinum,Laurel Beltran
LB-6735,1897.95,98.24999999999996,7,Silver,Larry Blacks
LB-6795,1796.1150000000002,-212.14499999999992,8,Silver,Laurel Beltran
LC-16870,9859.89236,1048.34726,21,Gold,Lena Cacioppo
LC-16885,17058.8144,1325.4752999999998,29,Platinum,Lena Creighton
LC-16930,11660.69496,1932.3449600000004,26,Gold,Linda Cazamias
LC-16960,11812.0975,1365.9817,22,Gold,Lindsay Castell
LC-17050,12933.873819999999,1150.04782,23,Gold,Liz Carlisle
LC-17140,13128.24376,1454.4069600000003,30,Gold,Logan Currie
LC-6870,1220.451,128.42100000000002,8,Bronze,Lena Cacioppo
LC-6885,1828.086,-152.96399999999997,9,Silver,Lena Creighton
LC-6930,5080.689,341.079,9,Silver,Linda Cazamias
LC-6960,2487.402,54.73200000000008,8,Silver,Lindsay Castell
LC-7050,7193.652,1697.562,7,Gold,Liz Carlisle
LC-7140,2954.43,470.88,6,Silver,Logan Currie
LD-16855,13361.93258,1813.1926799999999,30,Platinum,Lela Donovan
LD-17005,11461.654639999999,1252.64204,27,Gold,Lisa DeCherney
LD-6855,2822.706,-326.45399999999995,8,Silver,Lela Donovan
LD-7005,361.68600000000004,-87.20400000000002,6,Bronze,Lisa DeCherney
LE-16810,10429.253700000001,1737.1186,24,Gold,Laurel Elliston
LE-6810,1049.52,287.90999999999997,6,Bronze,Laurel Elliston
LF-17185,12864.7205,-3700.195500000001,22,Gold,Luke Foster
LF-7185,556.518,55.848,5,Bronze,Luke Foster
LH-16750,7945.0902000000015,597.0118999999995,22,Gold,Larry Hughes
LH-16900,12098.37728,995.3979799999998,29,Gold,Lena Hernandez
LH-17020,8189.7858,1040.3469,18,Gold,Lisa Hazard
LH-17155,14063.489800000001,749.0709999999995,29,Platinum,Logan Haushalter
LH-6750,745.65,44.19000000000001,5,Bronze,Larry Hughes
LH-6900,840.7920000000001,1.9920000000000846,3,Bronze,Lena Hernandez
LH-7020,973.2120000000001,297.73199999999997,3,Bronze,Lisa Hazard
LH-7155,3228.75,770.46,8,Silver,Logan Haushalter
LL-16840,11287.78406,264.5978599999999,26,Gold,Lauren Leatherbury
LL-6840,3649.152,630.342,9,Silver,Lauren Leatherbury
LM-17065,9249.383,393.47100000000006,18,Gold,Liz MacKendrick
LM-7065,6280.47,1474.68,4,Gold,Liz MacKendrick
LO-17170,11256.3236,2319.7048,28,Gold,Lori Olson
LO-7170,2281.1850000000004,-530.9849999999999,7,Silver,Lori Olson
LP-17080,7631.9895,-261.9352,24,Gold,Liz Pelletier
LP-17095,15598.151600000001,2003.3279999999997,26,Platinum,Liz Preis
LP-7080,1831.3380000000002,-3.641999999999978,7,Silver,Liz Pelletier
LP-7095,1011.36,119.37,4,Bronze,Liz Preis
LR-16915,22434.08756,3604.4619599999996,26,Platinum,Lena Radford
LR-17035,16118.9722,2165.6982999999996,26,Platinum,Lisa Ryan
LR-6915,468.65400000000005,-232.74600000000004,3,Bronze,Lena Radford
LR-7035,2677.98,283.44,9,Silver,Lisa Ryan
LS-16945,10420.11776,-86.50594000000032,20,Gold,Linda Southworth
LS-16975,8646.9157,1737.8783999999998,22,Gold,Lindsay Shagiari
LS-17200,15258.74122,1756.4422200000001,24,Platinum,Luke Schmidt
LS-17230,10577.17148,1946.69668,24,Gold,Lycoris Saunders
LS-17245,10758.988,1878.1803999999997,24,Gold,Lynn Smith
LS-6945,2726.034,18.653999999999954,12,Silver,Linda Southworth
LS-6975,716.184,40.194,5,Bronze,Lindsay Shagiari
LS-7200,340.656,-102.474,4,Bronze,Luke Schmidt
LS-7230,1164.348,-569.2919999999999,10,Bronze,Lycoris Saunders
LS-7245,953.151,-380.0489999999999,6,Bronze,Lynn Smith
LT-16765,17253.78294,3948.6629399999997,30,Platinum,Larry Tron
LT-17110,12986.77316,1382.2841599999997,26,Gold,Liz Thompson
LT-6765,1365.33,264.99,4,Bronze,Larry Tron
LT-7110,8234.994,1764.144,6,Gold,Liz Thompson
LW-16825,9990.85524,982.01094,20,Gold,Laurel Workman
LW-16990,9111.8495,1335.3454,23,Gold,Lindsay Williams
LW-17125,5369.269,518.0501999999999,16,Silver,Liz Willingham
LW-17215,10529.49144,994.5585400000001,24,Gold,Luke Weiss
LW-6825,881.754,166.794,11,Bronze,Laurel Workman
LW-6990,1869.771,151.58100000000005,11,Silver,Lindsay Williams
LW-7125,2677.341,881.991,9,Silver,Liz Willingham
LW-7215,1522.0140000000001,-145.17599999999996,5,Bronze,Luke Weiss
MA-17560,10813.79188,784.0774799999999,24,Gold,Matt Abelman
MA-17995,10006.45034,889.3185399999999,22,Gold,Michelle Arnett
MA-7560,1628.166,-264.1739999999999,4,Bronze,Matt Abelman
MA-7995,1928.007,213.35700000000008,11,Silver,Michelle Arnett
MB-17305,16729.34532,3481.4083199999995,27,Platinum,Maria Bertelson
MB-18085,14744.23088,2236.30558,30,Platinum,Mick Brown
MB-7305,4874.589,1140.939,8,Silver,Maria Bertelson
MB-8085,1703.508,359.658,8,Silver,Mick Brown
MC-17275,11680.0495,1463.0788999999997,34,Gold,Marc Crier
MC-17425,15055.40518,3980.55748,30,Platinum,Mark Cousins
MC-17575,14281.65306,966.02936,33,Platinum,Matt Collins
MC-17590,10118.84168,1337.60878,25,Gold,Matt Collister
MC-17605,13019.2019,1296.2884999999999,26,Gold,Matt Connell
MC-17635,21113.5107,3529.4932000000003,34,Platinum,Matthew Clasen
MC-17845,14947.88402,1064.3074199999999,31,Platinum,Michael Chen
MC-18100,11353.7466,130.70980000000014,33,Gold,Mick Crebagga
MC-18130,8532.703,717.1614999999999,23,Gold,Mike Caudle
MC-7275,4301.043,650.403,5,Silver,Marc Crier
MC-7425,1489.851,-1129.299,5,Bronze,Mark Cousins
MC-7575,3619.188,783.318,8,Silver,Matt Collins
MC-7590,1554.06,569.5799999999999,3,Bronze,Matt Collister
MC-7605,208.41,70.68,2,Bronze,Matt Connell
MC-7635,695.286,113.79599999999999,4,Bronze,Matthew Clasen
MC-7845,991.7280000000001,148.698,4,Bronze,Michael Chen
MC-8100,659.34,205.44,3,Bronze,Mick Crebagga
MC-8130,826.35,79.46999999999994,5,Bronze,Mike Caudle
MD-17350,16455.32732,1040.95532,30,Platinum,Maribeth Dona
MD-17860,15575.64874,1596.30844,28,Platinum,Michael Dominguez
MD-7350,1374.198,189.678,6,Bronze,Maribeth Dona
MD-7860,6853.512,2176.092,5,Gold,Michael Dominguez
ME-17320,24527.029000000002,3359.6504999999993,30,Platinum,Maria Etezadi
ME-17725,7839.8866,323.47619999999995,28,Gold,Max Engle
ME-18010,10547.63192,639.31832,27,Gold,Michelle Ellison
ME-7320,1720.1879999999999,58.90800000000002,10,Silver,Maria Etezadi
ME-7725,2083.875,349.785,11,Silver,Max Engle
ME-8010,160.49999999999997,15.9,1,Bronze,Michelle Ellison
MF-17665,13366.53134,1417.4658399999998,29,Platinum,Maureen Fritzler
MF-18250,20425.299600000002,2272.4103999999998,32,Platinum,Monica Federle
MF-7665,161.91,3.42,3,Bronze,Maureen Fritzler
MF-8250,1517.55,300.93,6,Bronze,Monica Federle
MG-17650,12717.26968,2178.17168,21,Gold,Matthew Grinstein
MG-17680,16061.6441,892.4346999999998,28,Platinum,Maureen Gastineau
MG-17695,16221.6268,760.9116,25,Platinum,Maureen Gnade
MG-17875,14452.82062,-133.4807800000004,33,Platinum,Michael Grace
MG-17890,13162.2489,-977.2978999999998,29,Platinum,Michael Granlund
MG-18145,18147.9582,4668.1622,24,Platinum,Mike Gockenbach
MG-18205,16362.8956,1540.2313000000001,29,Platinum,Mitch Gastineau
MG-7650,301.71,27.150000000000002,1,Bronze,Matthew Grinstein
MG-7680,4298.478,-151.24200000000008,9,Silver,Maureen Gastineau
MG-7695,2104.596,84.78600000000004,7,Silver,Maureen Gnade
MG-7875,80.19,15.870000000000001,1,Bronze,Michael Grace
MG-7890,19.128000000000004,-22.482000000000006,1,Bronze,Michael Granlund
MG-8145,5229.1140000000005,1790.5140000000001,3,Silver,Mike Gockenbach
MG-8205,1648.944,282.20400000000006,7,Bronze,Mitch Gastineau
MH-17290,13718.69666,1950.61286,25,Platinum,Marc Harrigan
MH-17440,7945.0458,771.4383999999999,25,Gold,Mark Haberlin
MH-17455,9974.27472,155.89602000000005,27,Gold,Mark Hamilton
MH-17620,11038.31378,106.88498000000017,20,Gold,Matt Hagelstein
MH-17785,11676.13204,1185.02544,26,Gold,Maya Herman
MH-18025,11753.7025,1010.9377,19,Gold,Michelle Huthwaite
MH-18115,12017.105,1250.6666,26,Gold,Mick Hernandez
MH-7290,1685.34,365.40000000000003,3,Silver,Marc Harrigan
MH-7440,3357.78,780.5699999999999,8,Silver,Mark Haberlin
MH-7455,4747.371,371.15100000000007,10,Silver,Mark Hamilton
MH-7620,1179.666,168.00600000000003,7,Bronze,Matt Hagelstein
MH-7785,1914.834,285.504,9,Silver,Maya Herman
MH-8025,1095.426,-149.7539999999999,9,Bronze,Michelle Huthwaite
MH-8115,1260.702,237.52200000000002,7,Bronze,Mick Hernandez
MJ-17740,15347.655,2054.661899999999,26,Platinum,Max Jones
MJ-7740,1136.8980000000001,382.96799999999996,4,Bronze,Max Jones
MK-17905,13202.4489,-139.19499999999957,31,Platinum,Michael Kennedy
MK-18160,10043.318800000001,317.56060000000014,20,Gold,Mike Kennedy
MK-7905,1244.955,-71.44499999999996,11,Bronze,Michael Kennedy
MK-8160,2697.0660000000003,441.036,10,Silver,Mike Kennedy
ML-17395,14507.079479999999,1141.97268,25,Platinum,Marina Lichtenstein
ML-17410,14981.7043,1338.5888,30,Platinum,Maris LaWare
ML-17755,14425.1044,1577.4215999999997,28,Platinum,Max Ludwig
ML-18040,8677.598999999998,1646.9332000000002,19,Gold,Michelle Lonsdale
ML-18265,14674.00116,2037.5839600000002,26,Platinum,Muhammed Lee
ML-7395,1049.3999999999999,142.26,7,Bronze,Marina Lichtenstein
ML-7410,193.13400000000001,-184.446,3,Bronze,Maris LaWare
ML-7755,1108.5,260.34,7,Bronze,Max Ludwig
ML-8040,1690.896,315.906,7,Silver,Michelle Lonsdale
ML-8265,1170.72,276.78000000000003,9,Bronze,Muhammed Lee
MM-17260,15713.71812,3160.30712,26,Platinum,Magdelene Morse
MM-17920,20383.654000000002,1824.2189999999991,33,Platinum,Michael Moore
MM-18055,11163.587,1901.2817,25,Gold,Michelle Moray
MM-18280,7134.304,1877.0716,25,Gold,Muhammed MacIntyre
MM-7260,5510.358,1220.4180000000001,5,Silver,Magdelene Morse
MM-7920,1350.03,234.69,6,Bronze,Michael Moore
MM-8055,1924.9110000000003,-638.499,8,Silver,Michelle Moray
MM-8280,3586.6949999999997,289.39500000000004,10,Silver,Muhammed MacIntyre
MN-17935,12870.93412,1517.15082,21,Gold,Michael Nguyen
MN-7935,2175.33,-124.97999999999998,6,Silver,Michael Nguyen
MO-17500,10314.4082,573.4588999999999,24,Gold,Mary O'Rourke
MO-17800,13709.1228,2638.8095,25,Platinum,Meg O'Connel
MO-17950,4527.392,34.126599999999996,14,Silver,Michael Oakman
MO-7500,810.87,-54.44999999999999,5,Bronze,Mary O'Rourke
MO-7800,4294.266,465.27600000000007,9,Silver,Meg O'Connel
MO-7950,933.192,252.132,3,Bronze,Michael Oakman
MP-17470,12928.802800000001,2231.3581,28,Gold,Mark Packer
MP-17965,17228.4977,1455.212,39,Platinum,Michael Paige
MP-18175,22045.2528,455.2957000000001,36,Platinum,Mike Pelletier
MP-7470,58.11,-58.37999999999998,2,Bronze,Mark Packer
MP-7965,567.093,177.483,8,Bronze,Michael Paige
MP-8175,2169.174,77.30400000000002,6,Silver,Mike Pelletier
MR-17545,19246.7123,3060.9206,23,Platinum,Mathew Reese
MR-7545,2325.2400000000002,650.3100000000001,6,Silver,Mathew Reese
MS-17365,20317.0067,3300.3221999999996,34,Platinum,Maribeth Schnelling
MS-17530,13335.04236,2150.4531600000005,25,Platinum,MaryBeth Skach
MS-17710,8500.63026,1057.9430599999998,26,Gold,Maurice Satty
MS-17770,17382.93504,2685.67544,36,Platinum,Maxwell Schwartz
MS-17830,11783.3973,1765.3904999999997,26,Gold,Melanie Seite
MS-17980,16210.5722,834.6122000000003,27,Platinum,Michael Stewart
MS-7365,1365.5400000000002,229.02,5,Bronze,Maribeth Schnelling
MS-7530,1456.806,-163.07400000000004,8,Bronze,MaryBeth Skach
MS-7710,1529.46,94.80000000000001,8,Bronze,Maurice Satty
MS-7770,538.5600000000001,166.11,6,Bronze,Maxwell Schwartz
MS-7830,4322.9039999999995,294.8940000000001,8,Silver,Melanie Seite
MS-7980,1654.644,412.734,5,Bronze,Michael Stewart
MT-17815,13845.5188,1294.9966000000002,27,Platinum,Meg Tillman
MT-18070,10920.3999,1203.5738000000001,24,Gold,Michelle Tran
MT-7815,1500.5880000000002,-501.58199999999994,6,Bronze,Meg Tillman
MT-8070,6851.9220000000005,-2991.6179999999995,7,Gold,Michelle Tran
MV-17485,10563.3673,1650.8830999999998,27,Gold,Mark Van Huff
MV-18190,15577.035600000001,1178.6598,30,Platinum,Mike Vittorini
MV-7485,952.536,159.75599999999997,5,Bronze,Mark Van Huff
MV-8190,3995.04,181.38000000000008,8,Silver,Mike Vittorini
MW-18220,20592.0813,3596.3133,28,Platinum,Mitch Webber
MW-18235,17933.0609,-180.2391000000003,24,Platinum,Mitch Willingham
MW-8220,2476.497,490.22700000000003,8,Silver,Mitch Webber
MW-8235,1070.772,325.752,6,Bronze,Mitch Willingham
MY-17380,14724.1472,2926.3333,28,Platinum,Maribeth Yedwab
MY-18295,25570.49418,2553.67708,29,Platinum,Muhammed Yedwab
MY-7380,1745.574,633.174,4,Silver,Maribeth Yedwab
MY-8295,4072.167,88.97699999999998,10,Silver,Muhammed Yedwab
MZ-17335,14463.9343,1794.5973999999999,26,Platinum,Maria Zettner
MZ-17515,13383.97684,1454.6211400000002,25,Platinum,Mary Zewe
MZ-7335,3494.2259999999997,459.9060000000001,5,Silver,Maria Zettner
MZ-7515,3193.161,428.4210000000002,9,Silver,Mary Zewe
NB-18580,4875.5984,-105.25479999999992,10,Silver,Nicole Brennan
NB-18655,9647.204600000001,1537.0684999999999,22,Gold,Nona Balk
NB-8580,1059.477,-586.173,7,Bronze,Nicole Brennan
NB-8655,434.616,-83.66400000000002,5,Bronze,Nona Balk
NC-18340,13905.347119999999,-996.2393800000009,22,Platinum,Nat Carroll
NC-18415,9255.794,-771.6432000000002,19,Gold,Nathan Cano
NC-18535,11054.377999999999,1414.9769999999996,22,Gold,Nick Crebassa
NC-18625,16901.51758,2229.91458,29,Platinum,Noah Childs
NC-8340,2707.962,535.362,9,Silver,Nat Carroll
NC-8415,1503.4260000000002,46.65600000000012,5,Bronze,Nathan Cano
NC-8535,1250.8709999999999,-79.59899999999999,7,Bronze,Nick Crebassa
NC-8625,442.32,33.0,2,Bronze,Noah Childs
ND-18370,10913.15082,1970.27732,23,Gold,Natalie DeCherney
ND-18460,12061.44172,2197.42352,22,Gold,Neil Ducich
ND-8370,2790.234,650.004,6,Silver,Natalie DeCherney
ND-8460,2722.9799999999996,971.43,10,Silver,Neil Ducich
NF-18385,28044.3595,1362.2720999999997,32,Platinum,Natalie Fritzler
NF-18475,10630.9149,2633.7607,22,Gold,Neil Französisch
NF-18595,10535.30152,1438.9526199999998,22,Gold,Nicole Fjeld
NF-8385,3736.8990000000003,180.54900000000004,11,Silver,Natalie Fritzler
NF-8475,2019.006,286.296,7,Silver,Neil Französisch
NF-8595,1731.9360000000001,-67.40400000000005,5,Silver,Nicole Fjeld
NG-18355,9262.72936,1826.7028599999999,21,Gold,Nat Gilpin
NG-18430,18970.41454,3320.6958399999994,28,Platinum,Nathan Gelder
NG-8355,2746.4700000000003,979.74,7,Silver,Nat Gilpin
NG-8430,3749.829,890.529,8,Silver,Nathan Gelder
NH-18610,19181.9263,3867.6128999999996,22,Platinum,Nicole Hansen
NH-8610,2121.522,207.85199999999998,6,Silver,Nicole Hansen
NK-18490,11483.193,2309.4927,24,Gold,Neil Knudson
NK-8490,2395.35,731.04,4,Silver,Neil Knudson
NL-18310,10587.3308,-593.2810999999997,25,Gold,Nancy Lomonaco
NL-8310,251.32199999999997,26.352000000000004,2,Bronze,Nancy Lomonaco
NM-18445,20223.2359,5095.1568,32,Platinum,Nathan Mautz
NM-18520,12328.606,2631.0495,27,Gold,Neoma Murray
NM-8445,4053.7200000000003,693.96,9,Silver,Nathan Mautz
NM-8520,1540.53,511.65,1,Bronze,Neoma Murray
NP-18325,11778.491,1772.79,25,Gold,Naresj Patel
NP-18670,12839.01426,2741.60246,19,Gold,Nora Paige
NP-18685,11363.4332,308.26689999999996,30,Gold,Nora Pelletier
NP-18700,14036.433500000001,609.6892000000001,27,Platinum,Nora Preis
NP-8325,1336.686,31.53600000000004,8,Bronze,Naresj Patel
NP-8670,2871.87,294.06,6,Silver,Nora Paige
NP-8685,4994.85,1250.76,4,Silver,Nora Pelletier
NP-8700,1880.622,-234.13799999999998,6,Silver,Nora Preis
NR-18550,10993.42058,1206.92478,26,Gold,Nick Radford
NR-8550,1898.481,463.041,8,Silver,Nick Radford
NS-18505,14834.28974,479.1027399999998,25,Platinum,Neola Schneider
NS-18640,14866.087,1116.0525999999998,37,Platinum,Noel Staavos
NS-8505,962.8530000000002,-1166.547,5,Bronze,Neola Schneider
NS-8640,1771.4370000000001,-297.33299999999997,8,Silver,Noel Staavos
NW-18400,15326.833059999999,2085.49206,26,Platinum,Natalie Webber
NW-8400,7046.736,1736.0459999999998,7,Gold,Natalie Webber
NZ-18565,19941.69812,2257.84172,26,Platinum,Nick Zandusky
NZ-8565,328.584,-166.56599999999997,4,Bronze,Nick Zandusky
ON-18715,17763.948239999998,3779.1692399999997,33,Platinum,Odella Nelson
ON-8715,1507.758,-995.862,5,Bronze,Odella Nelson
OT-18730,19493.76566,1797.7613599999997,32,Platinum,Olvera Toch
OT-8730,265.05,33.24000000000001,4,Bronze,Olvera Toch
PA-19060,6723.23276,647.89356,21,Gold,Pete Armstrong
PA-9060,3670.5809999999997,907.4609999999999,6,Silver,Pete Armstrong
PB-18805,12075.39774,1479.57744,19,Gold,Patrick Bzostek
PB-19105,8087.781,1615.6466999999998,16,Gold,Peter Bühler
PB-19150,7907.2555600000005,460.19615999999996,33,Gold,Philip Brown
PB-19210,18967.662,2313.681,27,Platinum,Phillip Breyer
PB-8805,2787.6720000000005,263.502,9,Silver,Patrick Bzostek
PB-9105,1808.2079999999999,320.538,4,Silver,Peter Bühler
PB-9150,3478.443,811.653,10,Silver,Philip Brown
PB-9210,5302.197,-909.7229999999998,7,Silver,Phillip Breyer
PC-18745,10693.496439999999,-904.33256,21,Gold,Pamela Coakley
PC-19000,9474.0653,519.6209,18,Gold,Pauline Chand
PC-8745,1246.56,484.23,5,Bronze,Pamela Coakley
PC-9000,1160.43,313.71,4,Bronze,Pauline Chand
PF-19120,27993.04966,623.4013599999994,28,Platinum,Peter Fuller
PF-19165,16018.8427,1486.3465999999999,36,Platinum,Philip Fox
PF-19225,11915.1997,1613.6235,30,Gold,Phillip Flathmann
PF-9120,1882.95,439.89,10,Silver,Peter Fuller
PF-9165,2007.6419999999998,422.532,7,Silver,Philip Fox
PF-9225,1474.272,-672.7679999999999,7,Bronze,Phillip Flathmann
PG-18820,14635.9446,1626.9189,35,Platinum,Patrick Gardner
PG-18895,13941.6862,1270.0984999999998,28,Platinum,Paul Gonzalez
PG-8820,1846.56,348.27,6,Silver,Patrick Gardner
PG-8895,1981.302,350.082,6,Silver,Paul Gonzalez
PH-18790,9435.5663,2390.0761,19,Gold,Patricia Hirasaki
PH-8790,1746.84,353.54999999999995,8,Silver,Patricia Hirasaki
PJ-18835,13639.502,4889.2675,19,Platinum,Patrick Jones
PJ-19015,9230.87916,1212.8130600000002,22,Gold,Pauline Johnson
PJ-8835,801.4050000000001,-870.1349999999999,6,Bronze,Patrick Jones
PJ-9015,6612.66,889.6800000000001,8,Gold,Pauline Johnson
PK-18910,7282.5815600000005,319.1645599999999,16,Gold,Paul Knutson
PK-19075,17668.9105,2170.2640999999994,29,Platinum,Pete Kriz
PK-8910,948.456,-627.6539999999999,4,Bronze,Paul Knutson
PK-9075,992.784,-505.686,3,Bronze,Pete Kriz
PL-18925,14256.7186,1782.9749000000002,20,Platinum,Paul Lucas
PL-8925,759.2099999999999,223.53000000000003,3,Bronze,Paul Lucas
PM-18940,12893.5944,926.3291999999997,23,Gold,Paul MacIntyre
PM-19135,9857.6599,648.8516,22,Gold,Peter McVee
PM-8940,1448.8559999999998,252.066,9,Bronze,Paul MacIntyre
PM-9135,1429.296,369.78600000000006,6,Bronze,Peter McVee
PN-18775,11370.46522,1729.7528200000002,33,Gold,Parhena Norris
PN-8775,1522.11,475.71,5,Bronze,Parhena Norris
PO-18850,25274.4702,3249.2776999999996,41,Platinum,Patrick O'Brill
PO-18865,21051.0598,4698.6391,35,Platinum,Patrick O'Donnell
PO-19180,16753.1715,2556.7416000000003,24,Platinum,Philisse Overcash
PO-19195,10872.01088,-1667.6880200000005,21,Gold,Phillina Ober
PO-8850,1432.9859999999999,529.086,4,Bronze,Patrick O'Brill
PO-8865,2973.15,-80.52000000000001,6,Silver,Patrick O'Donnell
PO-9180,1231.068,-380.95199999999994,9,Bronze,Philisse Overcash
PO-9195,8227.356,641.586,8,Gold,Phillina Ober
PP-18955,21884.1846,2902.392,30,Platinum,Paul Prost
PP-8955,359.06100000000004,-214.65900000000002,3,Bronze,Paul Prost
PR-18880,13243.62082,1362.8254199999997,29,Platinum,Patrick Ryan
PR-8880,1085.64,-953.6999999999999,5,Bronze,Patrick Ryan
PS-18760,15926.5494,1485.3094,28,Platinum,Pamela Stobb
PS-18970,18222.40482,2205.42572,33,Platinum,Paul Stevenson
PS-19045,29252.3194,4426.1951,26,Platinum,Penelope Sewall
PS-8760,1706.2020000000002,-192.19799999999998,5,Silver,Pamela Stobb
PS-8970,1395.9479999999999,-371.2319999999999,4,Bronze,Paul Stevenson
PS-9045,829.356,-87.384,7,Bronze,Penelope Sewall
PT-19090,8370.783000000001,216.6701999999998,25,Gold,Pete Takahito
PT-9090,4686.030000000001,393.0300000000001,5,Silver,Pete Takahito
PV-18985,12540.661,2531.1434,28,Gold,Paul Van Hugh
PV-8985,6390.6359999999995,1524.4260000000002,6,Gold,Paul Van Hugh
PW-19030,12810.05846,2322.39936,31,Gold,Pauline Webber
PW-19240,7186.1398,1837.4188,24,Gold,Pierre Wener
PW-9030,1081.0020000000002,-377.59799999999996,7,Bronze,Pauline Webber
PW-9240,1237.5300000000002,104.88000000000001,7,Bronze,Pierre Wener
QJ-19255,18192.9231,2407.6019,23,Platinum,Quincy Jones
QJ-9255,387.051,-164.40899999999993,5,Bronze,Quincy Jones
RA-19285,16816.427,4132.8992,24,Platinum,Ralph Arnett
RA-19885,15435.49908,3419.96068,23,Platinum,Ruben Ausman
RA-19915,20975.19342,2078.7577199999996,27,Platinum,Russell Applegate
RA-19945,11696.0283,678.9608000000003,23,Gold,Ryan Akin
RA-9285,6226.686,-1519.8239999999998,14,Silver,Ralph Arnett
RA-9885,503.26800000000003,-99.492,8,Bronze,Ruben Ausman
RA-9915,420.66,85.44,2,Bronze,Russell Applegate
RA-9945,2044.587,217.767,9,Silver,Ryan Akin
RB-19330,18359.76862,3737.58642,32,Platinum,Randy Bradley
RB-19360,29197.634599999998,8523.9515,25,Platinum,Raymond Buch
RB-19435,11618.07552,605.43942,28,Gold,Richard Bierner
RB-19465,17178.4394,2769.6499999999996,36,Platinum,Rick Bensley
RB-19570,10961.631,1646.1129,25,Gold,Rob Beeghly
RB-19645,5973.5944,754.2793999999999,22,Silver,Robert Barroso
RB-19705,9288.0836,2069.0791,16,Gold,Roger Barcio
RB-19795,19056.88134,2323.6621399999995,35,Platinum,Ross Baird
RB-9330,4538.256,413.766,8,Silver,Randy Bradley
RB-9360,404.508,-70.90199999999997,4,Bronze,Raymond Buch
RB-9435,3179.1540000000005,-1731.0959999999998,6,Silver,Richard Bierner
RB-9465,3675.24,1296.8100000000002,3,Silver,Rick Bensley
RB-9570,586.761,-150.18899999999994,5,Bronze,Rob Beeghly
RB-9645,282.594,-114.15599999999998,3,Bronze,Robert Barroso
RB-9705,6018.072,810.4620000000001,12,Silver,Roger Barcio
RB-9795,255.288,26.867999999999995,5,Bronze,Ross Baird
RC-19825,7916.6732999999995,737.7457,25,Gold,Roy Collins
RC-19960,7897.8691,1758.0904,22,Gold,Ryan Crowe
RC-9825,37.44,0.0,1,Bronze,Roy Collins
RC-9960,1639.965,365.92499999999995,5,Bronze,Ryan Crowe
RD-19480,16487.1909,3316.9349,27,Platinum,Rick Duston
RD-19585,16315.1079,2450.5697,31,Platinum,Rob Dowd
RD-19660,12947.9651,3171.6951,21,Gold,Robert Dilbeck
RD-19720,10902.5255,1897.1189,30,Gold,Roger Demir
RD-19810,7091.09996,1417.27646,30,Gold,Ross DeVincentis
RD-19900,13485.748,2475.0832,29,Platinum,Ruben Dartt
RD-19930,9293.58832,683.3937199999999,22,Gold,Russell D'Ascenzo
RD-9480,1061.73,270.51,6,Bronze,Rick Duston
RD-9585,5168.4,1469.3999999999999,7,Silver,Rob Dowd
RD-9660,3391.788,794.1779999999999,9,Silver,Robert Dilbeck
RD-9720,3833.712,1139.892,8,Silver,Roger Demir
RD-9810,3214.788,522.6180000000002,7,Silver,Ross DeVincentis
RD-9900,4837.2210000000005,855.591,10,Silver,Ruben Dartt
RD-9930,6523.392000000001,546.9720000000001,11,Gold,Russell D'Ascenzo
RE-19405,12073.09218,2356.00718,21,Gold,Ricardo Emerson
RE-19450,10660.485240000002,1501.1886399999999,18,Gold,Richard Eichhorn
RE-9405,1967.403,287.673,6,Silver,Ricardo Emerson
RE-9450,5678.7029999999995,890.2230000000001,12,Silver,Richard Eichhorn
RF-19345,13391.2718,2277.379,27,Platinum,Randy Ferguson
RF-19735,12139.0877,824.7584999999999,23,Gold,Roland Fjeld
RF-19840,15077.47568,3052.1697799999997,31,Platinum,Roy Französisch
RF-9345,3208.026,816.576,5,Silver,Randy Ferguson
RF-9735,950.13,298.77000000000004,3,Bronze,Roland Fjeld
RF-9840,571.722,-210.438,6,Bronze,Roy Französisch
RH-19495,13295.748599999999,1457.3802999999998,28,Platinum,Rick Hansen
RH-19510,11599.392960000001,1800.9964599999994,25,Gold,Rick Huthwaite
RH-19555,8944.311,293.0046999999998,21,Gold,Ritsa Hightower
RH-19600,4629.69556,329.7516599999998,21,Silver,Rob Haberlin
RH-9495,3057.21,393.51,3,Silver,Rick Hansen
RH-9510,1837.788,-136.33200000000002,7,Silver,Rick Huthwaite
RH-9555,8753.469000000001,1709.799,8,Gold,Ritsa Hightower
RH-9600,3340.47,892.62,8,Silver,Rob Haberlin
RK-19300,13480.924579999999,-1673.56942,26,Platinum,Ralph Kennedy
RK-9300,519.12,117.78,4,Bronze,Ralph Kennedy
RL-19615,14866.82448,2337.1428799999994,23,Platinum,Rob Lucas
RL-9615,2420.226,366.8460000000002,8,Silver,Rob Lucas
RM-19375,16077.68112,1331.5070199999998,25,Platinum,Raymond Messe
RM-19675,11151.9605,2810.5083,19,Gold,Robert Marley
RM-19750,6475.01086,1314.87876,19,Gold,Roland Murray
RM-9375,2239.446,523.8960000000001,7,Silver,Raymond Messe
RM-9675,1715.094,-268.26599999999996,8,Silver,Robert Marley
RM-9750,929.1750000000001,-64.54499999999997,7,Bronze,Roland Murray
RO-19780,18833.4355,710.6859000000005,29,Platinum,Rose O'Brian
RO-9780,3080.106,158.1959999999999,9,Silver,Rose O'Brian
RP-19270,13725.5769,1507.9101,26,Platinum,Rachel Payne
RP-19390,16114.907500000001,-452.0761999999996,34,Platinum,Resi Pölking
RP-19855,11043.0844,428.4051999999998,27,Gold,Roy Phan
RP-9270,1274.352,394.812,6,Bronze,Rachel Payne
RP-9390,5935.9800000000005,1520.46,7,Silver,Resi Pölking
RP-9855,3569.139,-289.55099999999976,6,Silver,Roy Phan
RR-19315,11765.04038,2304.3833799999998,21,Gold,Ralph Ritter
RR-19525,15009.286600000001,-99.16280000000047,27,Platinum,Rick Reed
RR-9315,1820.85,534.6,4,Silver,Ralph Ritter
RR-9525,1376.91,51.18000000000001,7,Bronze,Rick Reed
RS-19420,14047.14948,1771.03088,28,Platinum,Ricardo Sperren
RS-19765,13582.12128,3046.3163799999998,25,Platinum,Roland Schwarz
RS-19870,7090.9567799999995,1222.85258,20,Gold,Roy Skaria
RS-9420,385.44,52.62,7,Bronze,Ricardo Sperren
RS-9765,1524.15,425.85,6,Bronze,Roland Schwarz
RS-9870,1031.436,240.576,8,Bronze,Roy Skaria
RW-19540,19423.6885,3925.0247999999997,25,Platinum,Rick Wilson
RW-19630,9425.9243,1999.6208,26,Gold,Rob Williams
RW-19690,11200.142,2312.2563,25,Gold,Robert Waldorf
RW-9540,5698.434,1252.4039999999998,7,Silver,Rick Wilson
RW-9630,560.01,252.6,2,Bronze,Rob Williams
RW-9690,1398.9959999999999,-175.25399999999996,8,Bronze,Robert Waldorf
SA-10830,872.676,-56.54399999999991,10,Bronze,Sue Ann Reed
SA-20830,15622.37866,1411.2467599999998,30,Platinum,Sue Ann Reed
SB-10170,1647.24,24.060000000000006,5,Bronze,Sarah Bern
SB-10185,1268.436,223.29599999999996,7,Bronze,Sarah Brown
SB-10290,1975.404,-120.66599999999997,5,Silver,Sean Braxton
SB-20170,12950.934000000001,2342.8998,15,Gold,Sarah Bern
SB-20185,21034.46172,1445.3581199999994,31,Platinum,Sarah Brown
SB-20290,18538.532799999997,-1776.3133000000003,22,Platinum,Sean Braxton
SC-10020,476.334,-115.50600000000001,4,Bronze,Sam Craven
SC-10050,2311.854,358.854,7,Silver,Sample Company A
SC-10095,918.5219999999999,99.162,7,Bronze,Sanjit Chand
SC-10230,1793.9070000000004,286.317,3,Silver,Scot Coram
SC-10260,3166.518,-42.88199999999995,7,Silver,Scott Cohen
SC-10305,3207.1800000000003,-213.14999999999998,7,Silver,Sean Christensen
SC-10380,1556.1599999999999,410.13,4,Bronze,Shahid Collister
SC-10440,1929.0810000000001,-533.4389999999999,4,Silver,Shaun Chance
SC-10575,328.02,41.64,2,Bronze,Sonia Cooley
SC-10680,6344.79,543.3600000000001,4,Gold,Steve Carroll
SC-10695,1468.8990000000001,-350.481,4,Bronze,Steve Chapman
SC-10725,2944.494,191.21400000000003,7,Silver,Steven Cartwright
SC-10770,2033.208,-127.66199999999989,7,Silver,Stewart Carmichael
SC-10800,89.28600000000002,-77.844,2,Bronze,Stuart Calhoun
SC-10845,1368.12,261.66,4,Bronze,Sung Chung
SC-20020,10579.47,1231.5156,34,Gold,Sam Craven
SC-20050,16813.21902,-340.42868000000004,30,Platinum,Sample Company A
SC-20095,25602.61,8106.2179,28,Platinum,Sanjit Chand
SC-20230,20333.868000000002,2785.051,25,Platinum,Scot Coram
SC-20260,9366.1924,1265.5528,26,Gold,Scott Cohen
SC-20305,17696.721999999998,675.4287000000003,26,Platinum,Sean Christensen
SC-20380,16122.72424,1282.24974,37,Platinum,Shahid Collister
SC-20440,7677.435259999999,890.45836,25,Gold,Shaun Chance
SC-20575,9685.4243,896.3616000000001,33,Gold,Sonia Cooley
SC-20680,13477.05528,1165.43308,31,Platinum,Steve Carroll
SC-20695,21931.0435,2516.1645999999996,35,Platinum,Steve Chapman
SC-20725,13975.42408,1874.8253799999998,30,Platinum,Steven Cartwright
SC-20770,14495.11408,445.74968000000035,32,Platinum,Stewart Carmichael
SC-20800,11321.2786,1354.1978,24,Gold,Stuart Calhoun
SC-20845,9898.62502,1435.03872,24,Gold,Sung Chung
SD-10485,1157.343,216.30300000000003,8,Bronze,Shirley Daniels
SD-20485,16802.0649,3430.9181,32,Platinum,Shirley Daniels
SE-10110,613.7099999999999,152.16,3,Bronze,Sanjit Engle
SE-20110,29532.62502,5863.623919999999,36,Platinum,Sanjit Engle
SF-10065,3861.429,792.0089999999999,8,Silver,Sandra Flanagan
SF-10200,2633.3160000000003,-1384.4039999999998,8,Silver,Sarah Foster
SF-10965,2476.302,656.352,6,Silver,Sylvia Foulston
SF-20065,7395.746,1073.6423,21,Gold,Sandra Flanagan
SF-20200,13019.6294,2214.168,28,Gold,Sarah Foster
SF-20965,6777.6808,1238.831,17,Gold,Sylvia Foulston
SG-10080,1078.728,331.90799999999996,6,Bronze,Sandra Glassco
SG-10470,3086.67,867.66,3,Silver,Sheri Gordon
SG-10605,2816.067,211.497,6,Silver,Speros Goranitis
SG-10890,1424.778,301.00800000000004,6,Bronze,Susan Gilcrest
SG-20080,10774.5034,2551.8004,17,Gold,Sandra Glassco
SG-20470,10730.2773,1471.3288000000002,28,Gold,Sheri Gordon
SG-20605,10128.53856,1329.60556,32,Gold,Speros Goranitis
SG-20890,11260.30386,240.3005600000002,22,Gold,Susan Gilcrest
SH-10395,129.03,-52.83,4,Bronze,Shahid Hopkins
SH-10635,658.98,129.87,4,Bronze,Stefanie Holloman
SH-19975,10893.50994,987.2244400000003,29,Gold,Sally Hughsby
SH-20395,12849.173840000001,1112.0629399999996,33,Gold,Shahid Hopkins
SH-20635,13546.7458,1848.3096,25,Platinum,Stefanie Holloman
SH-9975,8058.147,808.137,8,Gold,Sally Hughsby
SJ-10125,2961.189,364.629,9,Silver,Sanjit Jacobs
SJ-10215,1359.252,179.05200000000002,9,Bronze,Sarah Jordon
SJ-10500,454.06800000000004,34.577999999999996,3,Bronze,Shirley Jackson
SJ-20125,10562.092,1463.3749,30,Gold,Sanjit Jacobs
SJ-20215,14709.69868,2332.8089800000002,32,Platinum,Sarah Jordon
SJ-20500,12930.791,1547.2313000000001,26,Gold,Shirley Jackson
SK-19990,10932.97152,2320.05582,19,Gold,Sally Knutson
SK-9990,2358.858,655.458,7,Silver,Sally Knutson
SL-10155,2451.78,655.74,14,Silver,Sara Luxemburg
SL-20155,14380.691,1244.1905,32,Platinum,Sara Luxemburg
SM-10005,6262.380000000001,1177.89,8,Gold,Sally Matthias
SM-10320,4045.638,673.968,7,Silver,Sean Miller
SM-10905,1711.992,247.78199999999998,5,Silver,Susan MacKendrick
SM-10950,1336.308,161.418,9,Bronze,Suzanne McNair
SM-20005,6801.5875,350.47079999999994,22,Gold,Sally Matthias
SM-20320,31125.29496,-1083.6743400000023,21,Platinum,Sean Miller
SM-20905,6918.4824,1280.4929,17,Gold,Susan MacKendrick
SM-20950,11552.77814,1009.4403399999999,29,Gold,Suzanne McNair
SN-10560,1480.104,-110.85599999999997,6,Bronze,Skye Norling
SN-10710,702.24,89.39999999999999,4,Bronze,Steve Nguyen
SN-20560,12738.710000000001,-2527.1245000000004,25,Gold,Skye Norling
SN-20710,12703.94056,2295.45126,24,Gold,Steve Nguyen
SO-10335,831.498,17.417999999999964,4,Bronze,Sean O'Donnell
SO-20335,15534.94692,2389.6256200000003,27,Platinum,Sean O'Donnell
SP-10545,418.32,51.089999999999996,4,Bronze,Sibella Parks
SP-10620,299.568,-225.012,5,Bronze,Stefania Perrino
SP-10650,770.8950000000001,-56.474999999999966,6,Bronze,Stephanie Phelps
SP-10860,503.496,62.13599999999999,2,Bronze,Sung Pak
SP-10920,896.391,-165.21900000000005,4,Bronze,Susan Pistek
SP-20545,6801.1987,698.137,20,Gold,Sibella Parks
SP-20620,19113.6707,242.0535000000012,31,Platinum,Stefania Perrino
SP-20650,10377.86844,1739.2806399999997,24,Gold,Stephanie Phelps
SP-20860,12994.59246,1688.5450599999997,26,Gold,Sung Pak
SP-20920,28124.21286,6649.62626,28,Platinum,Susan Pistek
SR-10425,281.208,-6.462000000000003,5,Bronze,Sharelle Roach
SR-10740,2154.12,291.27,4,Silver,Steven Roelle
SR-20425,12721.248940000001,-2544.726460000001,19,Gold,Sharelle Roach
SR-20740,17220.18,4096.0884,33,Platinum,Steven Roelle
SS-10140,3491.6279999999997,905.388,7,Silver,Saphhira Shifley
SS-10410,2348.46,318.63,10,Silver,Shahid Shariari
SS-10515,424.53,130.38,3,Bronze,Shirley Schmidt
SS-10590,940.38,354.18,3,Bronze,Sonia Sunley
SS-10875,556.3140000000001,-707.826,4,Bronze,Sung Shariari
SS-20140,20138.603039999998,-1517.7162600000001,32,Platinum,Saphhira Shifley
SS-20410,15759.481979999999,-187.11882000000054,27,Platinum,Shahid Shariari
SS-20515,7480.62162,285.96612000000005,19,Gold,Shirley Schmidt
SS-20590,12181.4264,2015.9464999999998,26,Gold,Sonia Sunley
SS-20875,4772.150799999999,147.84879999999984,21,Silver,Sung Shariari
ST-10530,943.26,159.54,6,Bronze,Shui Tom
ST-20530,14064.011059999999,2074.5629599999997,32,Platinum,Shui Tom
SU-10665,3331.134,564.684,6,Silver,Stephanie Ulpright
SU-20665,7442.46,-54.43209999999978,23,Gold,Stephanie Ulpright
SV-10365,1256.472,258.252,5,Bronze,Seth Vernon
SV-10785,2969.4300000000003,260.85,7,Silver,Stewart Visinsky
SV-10815,7728.912,-537.1379999999999,9,Gold,Stuart Van
SV-10935,487.74600000000004,-331.69399999999996,3,Bronze,Susan Vittorini
SV-20365,22376.44748,1964.5016799999999,31,Platinum,Seth Vernon
SV-20785,14262.9351,1921.9372999999996,27,Platinum,Stewart Visinsky
SV-20815,14575.50118,1515.81138,24,Platinum,Stuart Van
SV-20935,15197.6927,1000.1729,28,Platinum,Susan Vittorini
SW-10245,1901.91,325.59000000000003,4,Silver,Scot Wooten
SW-10275,1480.5780000000002,159.258,5,Bronze,Scott Williamson
SW-10350,1244.454,-4.895999999999991,9,Bronze,Sean Wendt
SW-10455,2205.252,399.372,9,Silver,Shaun Weien
SW-10755,2346.906,499.026,7,Silver,Steven Ward
SW-20245,13576.68382,1622.7696199999998,26,Platinum,Scot Wooten
SW-20275,15564.966699999999,884.9291999999999,33,Platinum,Scott Williamson
SW-20350,6923.2494400000005,1036.4437399999997,21,Gold,Sean Wendt
SW-20455,6038.0162,764.1969999999999,22,Silver,Shaun Weien
SW-20755,23321.579999999998,2295.7056,31,Platinum,Steven Ward
SZ-10035,1164.1499999999999,130.62,4,Bronze,Sam Zeldin
SZ-20035,15192.376,2785.2273,37,Platinum,Sam Zeldin
TA-11385,4819.95,36.98999999999991,5,Silver,Tom Ashbrook
TA-21385,35668.120800000004,6274.989099999999,25,Platinum,Tom Ashbrook
TB-11055,2355.138,533.058,3,Silver,Ted Butterfield
TB-11175,850.3259999999999,175.35600000000002,4,Bronze,Thomas Boland
TB-11190,1115.37,179.49,4,Bronze,Thomas Brumley
TB-11250,7270.836,656.0160000000002,15,Gold,Tim Brockman
TB-11280,1574.322,193.03200000000004,9,Bronze,Toby Braunhardt
TB-11355,438.16200000000003,-321.978,8,Bronze,Todd Boyes
TB-11400,3103.323,724.593,9,Silver,Tom Boeckenhauer
TB-11520,3991.521,455.4509999999999,11,Silver,Tracy Blumstein
TB-11595,752.0699999999999,219.63,4,Bronze,Troy Blackwell
TB-11625,1810.752,-366.8579999999997,5,Silver,Trudy Brown
TB-21055,13671.71072,1026.2110199999997,29,Platinum,Ted Butterfield
TB-21175,16573.5984,2111.0459,27,Platinum,Thomas Boland
TB-21190,10686.471520000001,1872.82132,17,Gold,Thomas Brumley
TB-21250,11830.0907,2409.6902,28,Gold,Tim Brockman
TB-21280,10127.01266,1054.4293599999996,26,Gold,Toby Braunhardt
TB-21355,9205.113,1093.992,20,Gold,Todd Boyes
TB-21400,21375.988,3471.7568999999994,26,Platinum,Tom Boeckenhauer
TB-21520,16716.76172,-198.08938000000043,34,Platinum,Tracy Blumstein
TB-21595,8437.989,1219.0209,26,Gold,Troy Blackwell
TB-21625,13266.1971,1867.5211,31,Platinum,Trudy Brown
TC-10980,3239.064,-114.57599999999996,8,Silver,Tamara Chand
TC-11145,3799.926,1228.8059999999998,10,Silver,Theresa Coyne
TC-11295,730.908,233.92800000000003,5,Bronze,Toby Carlisle
TC-11475,1907.7540000000001,219.86399999999998,9,Silver,Tony Chapman
TC-11535,2214.9719999999998,-1355.6579999999997,4,Silver,Tracy Collins
TC-20980,34218.26899999999,8787.4749,28,Platinum,Tamara Chand
TC-21145,18419.94306,2131.0062599999997,25,Platinum,Theresa Coyne
TC-21295,19391.8981,1263.5488000000003,29,Platinum,Toby Carlisle
TC-21475,10722.52656,1181.26456,29,Gold,Tony Chapman
TC-21535,8888.0601,1738.6551,30,Gold,Tracy Collins
TD-10995,780.378,-769.812,3,Bronze,Tamara Dahlen
TD-20995,6924.187499999999,-178.3107999999998,25,Gold,Tamara Dahlen
TG-11310,714.4169999999999,243.537,3,Bronze,Toby Gnade
TG-11640,4906.533,1106.253,9,Silver,Trudy Glocke
TG-21310,12305.231600000001,2742.92,32,Gold,Toby Gnade
TG-21640,13973.7773,1989.9868000000001,33,Platinum,Trudy Glocke
TH-11100,1856.19,364.71,4,Silver,Thea Hendricks
TH-11115,1870.17,490.34999999999997,6,Silver,Thea Hudgings
TH-11235,3901.347,549.567,10,Silver,Tiffany House
TH-11550,283.83000000000004,-24.20999999999999,5,Bronze,Tracy Hopkins
TH-21100,13684.872599999999,1587.7861,27,Platinum,Thea Hendricks
TH-21115,13483.62368,1775.33778,25,Platinum,Thea Hudgings
TH-21235,12896.252,1106.7199999999998,26,Gold,Tiffany House
TH-21550,12808.9063,-709.5375000000008,26,Gold,Tracy Hopkins
TM-11010,300.66600000000005,-270.504,3,Bronze,Tamara Manning
TM-11490,2063.022,-877.5479999999999,8,Silver,Tony Molinari
TM-21010,14158.962599999999,2198.6378999999997,27,Platinum,Tamara Manning
TM-21490,13908.8563,2378.5193,27,Platinum,Tony Molinari
TN-11040,187.35,26.310000000000002,2,Bronze,Tanja Norvell
TN-21040,9410.26404,-732.4921599999999,29,Gold,Tanja Norvell
TP-11130,1261.4489999999998,109.479,6,Bronze,Theone Pippenger
TP-11415,1950.948,467.14799999999997,4,Silver,Tom Prescott
TP-11565,857.37,145.17,5,Bronze,Tracy Poddar
TP-21130,22697.57728,1964.40738,37,Platinum,Theone Pippenger
TP-21415,10926.72382,-120.9607800000003,22,Gold,Tom Prescott
TP-21565,12429.801300000001,1650.49,30,Gold,Tracy Poddar
TR-11325,2395.716,669.876,4,Silver,Toby Ritter
TR-21325,10033.18706,1767.02946,22,Gold,Toby Ritter
TS-11085,1390.68,249.12,8,Bronze,Thais Sissman
TS-11160,1130.07,194.67000000000002,5,Bronze,Theresa Swint
TS-11205,641.6460000000001,-0.8940000000000081,3,Bronze,Thomas Seio
TS-11340,1631.316,225.84599999999998,5,Bronze,Toby Swindell
TS-11370,4573.584,992.814,10,Silver,Todd Sumrall
TS-11430,5812.08,1811.97,7,Silver,Tom Stivers
TS-11505,2123.946,-157.49399999999994,4,Silver,Tony Sayre
TS-11610,2011.14,105.42,5,Silver,Troy Staebel
TS-11655,452.88,73.17,6,Bronze,Trudy Schmidt
TS-21085,5395.2094,860.4408000000001,19,Silver,Thais Sissman
TS-21160,6805.942,939.3524000000001,22,Gold,Theresa Swint
TS-21205,13888.62492,2350.4426200000003,32,Platinum,Thomas Seio
TS-21340,16997.02948,2377.1185799999994,31,Platinum,Toby Swindell
TS-21370,23201.678,4101.1514,27,Platinum,Todd Sumrall
TS-21430,9532.9166,553.0182999999998,22,Gold,Tom Stivers
TS-21505,17613.416299999997,2306.8402,27,Platinum,Tony Sayre
TS-21610,20565.95,1614.1479,30,Platinum,Troy Staebel
TS-21655,9525.4572,952.4494999999998,24,Gold,Trudy Schmidt
TT-11070,1572.3300000000002,621.9599999999999,2,Bronze,Ted Trevino
TT-11220,1826.4,472.38,9,Silver,Thomas Thornton
TT-11265,5049.0419999999995,1269.792,9,Silver,Tim Taslimi
TT-11460,1649.7839999999999,-160.14600000000002,8,Bronze,Tonja Turnell
TT-21070,15673.0639,1698.3985999999998,31,Platinum,Ted Trevino
TT-21220,13224.56416,1188.8272599999998,22,Platinum,Thomas Thornton
TT-21265,4730.638,15.044199999999929,20,Silver,Tim Taslimi
TT-21460,18432.01346,2390.93536,32,Platinum,Tonja Turnell
TW-11025,323.10900000000004,-137.87099999999995,8,Bronze,Tamara Willingham
TW-21025,13931.8966,3412.9510999999998,27,Platinum,Tamara Willingham
TZ-11445,745.14,250.76999999999998,7,Bronze,Tom Zandusky
TZ-11580,403.014,-275.0759999999999,5,Bronze,Tracy Zic
TZ-21445,14601.671400000001,116.7214000000002,28,Platinum,Tom Zandusky
TZ-21580,10455.5278,194.96049999999985,19,Gold,Tracy Zic
VB-11745,783.6300000000001,190.83,4,Bronze,Victoria Brennan
VB-21745,9961.050000000001,717.7337999999999,21,Gold,Victoria Brennan
VD-11670,1230.051,-211.74899999999994,9,Bronze,Valerie Dominguez
VD-21670,14754.8714,2243.6648,21,Platinum,Valerie Dominguez
VF-11715,602.3520000000001,4.722000000000003,4,Bronze,Vicky Freymann
VF-21715,12000.133,21.391000000000002,24,Gold,Vicky Freymann
VG-11790,386.17199999999997,47.44200000000001,4,Bronze,Vivek Gonzalez
VG-11805,1190.22,140.31000000000003,4,Bronze,Vivek Grady
VG-21790,9908.6065,-411.86669999999975,27,Gold,Vivek Gonzalez
VG-21805,22573.37116,3906.59616,23,Platinum,Vivek Grady
VM-11685,858.978,-94.96199999999997,6,Bronze,Valerie Mitchum
VM-11835,1270.41,338.07000000000005,3,Bronze,Vivian Mathis
VM-21685,13708.12232,-1550.83678,32,Platinum,Valerie Mitchum
VM-21835,2621.817,318.8443,20,Silver,Vivian Mathis
VP-11730,432.00000000000006,-508.41,4,Bronze,Victor Preis
VP-11760,1615.6619999999998,374.712,3,Bronze,Victoria Pisteka
VP-21730,11629.269,2741.2058,29,Gold,Victor Preis
VP-21760,16935.5635,2016.1507,28,Platinum,Victoria Pisteka
VS-11820,1136.214,126.534,7,Bronze,Vivek Sundaresam
VS-21820,10275.775,1460.0846999999999,15,Gold,Vivek Sundaresam
VT-11700,1271.442,178.572,7,Bronze,Valerie Takahito
VT-21700,18099.3061,912.2111999999997,25,Platinum,Valerie Takahito
VW-11775,1253.166,252.486,5,Bronze,Victoria Wilson
VW-21775,15785.3774,41.894899999999794,30,Platinum,Victoria Wilson
WB-11850,182.53200000000004,-146.59800000000004,2,Bronze,William Brown
WB-21850,16704.6612,2694.5002999999997,38,Platinum,William Brown
XP-11865,1011.798,65.148,3,Bronze,Xylona Preis
XP-21865,11400.1446,1216.7864,27,Gold,Xylona Preis
YC-11895,166.29899999999998,22.269,4,Bronze,Yoseph Carroll
YC-21895,19998.0786,4324.9076,27,Platinum,Yoseph Carroll
YS-11880,1328.832,358.81199999999995,6,Bronze,Yana Sorensen
YS-21880,18703.606,3091.5943,26,Platinum,Yana Sorensen
ZC-11910,7.173000000000001,-15.566999999999998,1,Bronze,Zuschuss Carroll
ZC-21910,28472.81926,452.50325999999905,37,Platinum,Zuschuss Carroll
ZD-11925,2951.226,478.41600000000005,9,Silver,Zuschuss Donatelli
ZD-21925,9479.3444,-276.6789000000001,20,Gold,Zuschuss Donatelli
